sequence,state
25968,1
25969,1
25970,1
25971,0
25972,1
25973,1
25974,1
25975,0
25976,1
25977,1
25978,1
25979,0
25980,1
25981,1
25982,1
25983,1
25984,1
25985,0
25986,0
25987,0
25988,0
25989,0
25990,0
25991,0
25992,0
25993,1
25994,0
25995,1
25996,0
25997,1
25998,1
25999,0
26000,1
26001,0
26002,1
26003,1
26004,0
26005,1
26006,1
26007,0
26008,0
26009,1
26010,0
26011,0
26012,0
26013,0
26014,1
26015,0
26016,1
26017,1
26018,1
26019,0
26020,0
26021,1
26022,0
26023,0
26024,0
26025,0
26026,1
26027,0
26028,1
26029,1
26030,0
26031,0
26032,1
26033,0
26034,1
26035,0
26036,0
26037,0
26038,0
26039,0
26040,1
26041,0
26042,0
26043,1
26044,0
26045,1
26046,0
26047,1
26048,0
26049,1
26050,0
26051,1
26052,1
26053,0
26054,0
26055,1
26056,1
26057,1
26058,1
26059,1
26060,1
26061,0
26062,1
26063,1
26064,0
26065,0
26066,1
26067,1
26068,0
26069,1
26070,1
26071,1
26072,0
26073,0
26074,1
26075,1
26076,1
26077,1
26078,0
26079,0
26080,1
26081,1
26082,0
26083,1
26084,1
26085,1
26086,1
26087,0
26088,0
26089,1
26090,0
26091,1
26092,1
26093,0
26094,0
26095,1
26096,1
26097,1
26098,0
26099,0
26100,1
26101,0
26102,0
26103,0
26104,1
26105,1
26106,0
26107,0
26108,0
26109,0
26110,1
26111,1
26112,1
26113,0
26114,1
26115,1
26116,1
26117,0
26118,1
26119,1
26120,0
26121,0
26122,1
26123,0
26124,1
26125,1
26126,1
26127,0
26128,1
26129,1
26130,1
26131,1
26132,1
26133,1
26134,0
26135,1
26136,1
26137,0
26138,0
26139,1
26140,1
26141,1
26142,0
26143,1
26144,0
26145,1
26146,1
26147,1
26148,1
26149,0
26150,1
26151,1
26152,1
26153,1
26154,0
26155,0
26156,1
26157,1
26158,0
26159,1
26160,0
26161,0
26162,1
26163,1
26164,1
26165,0
26166,1
26167,0
26168,1
26169,0
26170,0
26171,1
26172,1
26173,0
26174,1
26175,1
26176,1
26177,0
26178,1
26179,1
26180,0
26181,0
26182,1
26183,1
26184,1
26185,0
26186,0
26187,1
26188,1
26189,1
26190,1
26191,1
26192,1
26193,1
26194,0
26195,0
26196,1
26197,0
26198,1
26199,1
26200,1
26201,0
26202,0
26203,1
26204,1
26205,0
26206,0
26207,0
26208,1
26209,1
26210,0
26211,0
26212,1
26213,1
26214,1
26215,1
26216,0
26217,1
26218,0
26219,1
26220,1
26221,1
26222,0
26223,1
26224,0
26225,1
26226,1
26227,1
26228,1
26229,0
26230,1
26231,1
26232,0
26233,1
26234,0
26235,1
26236,1
26237,1
26238,1
26239,0
26240,1
26241,1
26242,1
26243,0
26244,1
26245,1
26246,0
26247,0
26248,1
26249,1
26250,1
26251,1
26252,1
26253,1
26254,0
26255,1
26256,1
26257,0
26258,1
26259,1
26260,1
26261,1
26262,1
26263,1
26264,0
26265,0
26266,0
26267,1
26268,1
26269,0
26270,1
26271,1
26272,1
26273,0
26274,1
26275,1
26276,0
26277,0
26278,1
26279,0
26280,0
26281,1
26282,0
26283,1
26284,1
26285,0
26286,0
26287,1
26288,0
26289,1
26290,1
26291,0
26292,0
26293,1
26294,1
26295,0
26296,1
26297,1
26298,1
26299,0
26300,0
26301,0
26302,1
26303,0
26304,1
26305,1
26306,0
26307,1
26308,1
26309,1
26310,1
26311,1
26312,1
26313,1
26314,0
26315,1
26316,1
26317,1
26318,0
26319,1
26320,1
26321,0
26322,0
26323,1
26324,0
26325,1
26326,0
26327,1
26328,1
26329,1
26330,1
26331,0
26332,1
26333,1
26334,1
26335,0
26336,1
26337,1
26338,1
26339,0
26340,0
26341,1
26342,1
26343,1
26344,1
26345,0
26346,1
26347,0
26348,1
26349,0
26350,1
26351,0
26352,0
26353,1
26354,1
26355,1
26356,0
26357,0
26358,0
26359,1
26360,0
26361,1
26362,0
26363,1
26364,1
26365,1
26366,1
26367,0
26368,0
26369,1
26370,1
26371,0
26372,0
26373,1
26374,1
26375,1
26376,0
26377,1
26378,1
26379,1
26380,1
26381,1
26382,0
26383,1
26384,1
26385,1
26386,0
26387,0
26388,1
26389,1
26390,1
26391,0
26392,1
26393,0
26394,1
26395,0
26396,0
26397,0
26398,1
26399,0
26400,1
26401,1
26402,0
26403,0
26404,0
26405,1
26406,1
26407,0
26408,0
26409,1
26410,1
26411,1
26412,1
26413,1
26414,1
26415,1
26416,1
26417,1
26418,0
26419,1
26420,1
26421,1
26422,0
26423,1
26424,0
26425,0
26426,1
26427,1
26428,1
26429,1
26430,0
26431,1
26432,0
26433,1
26434,1
26435,0
26436,1
26437,1
26438,1
26439,1
26440,1
26441,0
26442,1
26443,1
26444,0
26445,1
26446,0
26447,0
26448,1
26449,0
26450,0
26451,1
26452,1
26453,0
26454,0
26455,1
26456,1
26457,0
26458,1
26459,0
26460,1
26461,0
26462,1
26463,1
26464,0
26465,1
26466,1
26467,1
26468,1
26469,1
26470,1
26471,0
26472,0
26473,0
26474,0
26475,1
26476,0
26477,1
26478,1
26479,0
26480,1
26481,0
26482,1
26483,0
26484,0
26485,0
26486,0
26487,1
26488,1
26489,0
26490,0
26491,1
26492,0
26493,1
26494,1
26495,0
26496,0
26497,1
26498,0
26499,1
26500,1
26501,0
26502,0
26503,1
26504,1
26505,0
26506,1
26507,1
26508,0
26509,0
26510,1
26511,0
26512,1
26513,1
26514,1
26515,0
26516,1
26517,0
26518,1
26519,1
26520,0
26521,1
26522,0
26523,1
26524,1
26525,0
26526,0
26527,1
26528,1
26529,1
26530,0
26531,1
26532,1
26533,1
26534,1
26535,1
26536,1
26537,1
26538,1
26539,1
26540,0
26541,1
26542,1
26543,0
26544,0
26545,0
26546,0
26547,0
26548,1
26549,0
26550,0
26551,0
26552,1
26553,0
26554,0
26555,1
26556,0
26557,0
26558,1
26559,1
26560,0
26561,0
26562,1
26563,1
26564,0
26565,1
26566,1
26567,1
26568,0
26569,0
26570,1
26571,1
26572,1
26573,0
26574,1
26575,0
26576,0
26577,0
26578,0
26579,1
26580,1
26581,0
26582,1
26583,0
26584,0
26585,1
26586,0
26587,0
26588,0
26589,1
26590,1
26591,1
26592,1
26593,1
26594,1
26595,1
26596,0
26597,0
26598,1
26599,1
26600,1
26601,1
26602,1
26603,0
26604,0
26605,0
26606,1
26607,1
26608,1
26609,0
26610,1
26611,1
26612,1
26613,0
26614,1
26615,0
26616,0
26617,0
26618,0
26619,1
26620,0
26621,1
26622,0
26623,1
26624,0
26625,1
26626,1
26627,1
26628,0
26629,0
26630,1
26631,1
26632,1
26633,1
26634,1
26635,1
26636,0
26637,1
26638,0
26639,1
26640,0
26641,1
26642,0
26643,0
26644,0
26645,1
26646,1
26647,1
26648,1
26649,1
26650,1
26651,0
26652,1
26653,1
26654,0
26655,1
26656,0
26657,0
26658,1
26659,1
26660,0
26661,1
26662,0
26663,0
26664,1
26665,1
26666,0
26667,0
26668,1
26669,0
26670,1
26671,0
26672,1
26673,0
26674,1
26675,0
26676,1
26677,1
26678,1
26679,1
26680,0
26681,1
26682,1
26683,1
26684,0
26685,1
26686,0
26687,0
26688,0
26689,1
26690,1
26691,1
26692,1
26693,0
26694,1
26695,0
26696,0
26697,1
26698,0
26699,0
26700,1
26701,0
26702,1
26703,0
26704,1
26705,1
26706,1
26707,1
26708,0
26709,1
26710,0
26711,1
26712,1
26713,0
26714,1
26715,1
26716,1
26717,0
26718,1
26719,1
26720,0
26721,1
26722,0
26723,0
26724,1
26725,1
26726,1
26727,1
26728,1
26729,0
26730,1
26731,0
26732,1
26733,1
26734,1
26735,1
26736,0
26737,0
26738,1
26739,1
26740,1
26741,1
26742,1
26743,0
26744,0
26745,1
26746,0
26747,1
26748,1
26749,1
26750,0
26751,0
26752,1
26753,1
26754,1
26755,1
26756,0
26757,0
26758,1
26759,0
26760,0
26761,1
26762,1
26763,0
26764,1
26765,0
26766,1
26767,0
26768,1
26769,1
26770,0
26771,0
26772,1
26773,0
26774,0
26775,0
26776,0
26777,1
26778,1
26779,1
26780,1
26781,0
26782,1
26783,0
26784,0
26785,0
26786,0
26787,1
26788,0
26789,1
26790,1
26791,0
26792,1
26793,1
26794,0
26795,1
26796,0
26797,0
26798,0
26799,0
26800,0
26801,1
26802,0
26803,1
26804,1
26805,1
26806,1
26807,0
26808,1
26809,0
26810,1
26811,1
26812,1
26813,1
26814,0
26815,1
26816,0
26817,0
26818,1
26819,0
26820,0
26821,1
26822,0
26823,1
26824,0
26825,1
26826,1
26827,0
26828,0
26829,1
26830,1
26831,1
26832,1
26833,1
26834,1
26835,0
26836,1
26837,1
26838,0
26839,0
26840,1
26841,1
26842,1
26843,0
26844,1
26845,0
26846,1
26847,0
26848,1
26849,1
26850,0
26851,1
26852,1
26853,1
26854,1
26855,1
26856,0
26857,1
26858,1
26859,0
26860,0
26861,1
26862,1
26863,0
26864,0
26865,0
26866,0
26867,1
26868,1
26869,0
26870,1
26871,0
26872,1
26873,0
26874,1
26875,1
26876,0
26877,1
26878,1
26879,0
26880,0
26881,1
26882,0
26883,0
26884,1
26885,1
26886,1
26887,0
26888,1
26889,1
26890,0
26891,1
26892,0
26893,1
26894,1
26895,0
26896,1
26897,1
26898,1
26899,0
26900,0
26901,1
26902,0
26903,0
26904,0
26905,0
26906,1
26907,1
26908,0
26909,1
26910,1
26911,1
26912,1
26913,0
26914,1
26915,0
26916,0
26917,1
26918,1
26919,1
26920,1
26921,1
26922,0
26923,1
26924,1
26925,0
26926,0
26927,1
26928,0
26929,1
26930,1
26931,0
26932,1
26933,1
26934,0
26935,0
26936,0
26937,0
26938,1
26939,0
26940,1
26941,0
26942,1
26943,0
26944,1
26945,1
26946,1
26947,1
26948,1
26949,0
26950,1
26951,0
26952,1
26953,1
26954,1
26955,1
26956,0
26957,1
26958,1
26959,0
26960,0
26961,0
26962,1
26963,0
26964,0
26965,1
26966,0
26967,1
26968,1
26969,1
26970,0
26971,0
26972,0
26973,1
26974,1
26975,1
26976,0
26977,0
26978,1
26979,1
26980,0
26981,0
26982,1
26983,0
26984,1
26985,0
26986,1
26987,1
26988,0
26989,0
26990,0
26991,0
26992,1
26993,1
26994,1
26995,0
26996,1
26997,1
26998,0
26999,1
27000,1
27001,0
27002,0
27003,1
27004,0
27005,0
27006,1
27007,1
27008,1
27009,1
27010,1
27011,1
27012,0
27013,0
27014,0
27015,0
27016,1
27017,0
27018,1
27019,1
27020,0
27021,1
27022,1
27023,0
27024,1
27025,1
27026,1
27027,1
27028,1
27029,1
27030,1
27031,1
27032,1
27033,1
27034,0
27035,1
27036,1
27037,0
27038,0
27039,1
27040,0
27041,1
27042,0
27043,0
27044,1
27045,1
27046,0
27047,1
27048,1
27049,1
27050,0
27051,0
27052,0
27053,1
27054,1
27055,1
27056,0
27057,1
27058,0
27059,1
27060,1
27061,1
27062,1
27063,1
27064,0
27065,0
27066,0
27067,0
27068,1
27069,1
27070,1
27071,1
27072,1
27073,1
27074,0
27075,1
27076,0
27077,0
27078,0
27079,1
27080,1
27081,1
27082,1
27083,0
27084,1
27085,0
27086,0
27087,1
27088,1
27089,0
27090,0
27091,0
27092,0
27093,0
27094,0
27095,1
27096,1
27097,1
27098,0
27099,1
27100,1
27101,1
27102,0
27103,1
27104,1
27105,0
27106,0
27107,1
27108,1
27109,0
27110,0
27111,0
27112,0
27113,0
27114,1
27115,1
27116,1
27117,0
27118,0
27119,0
27120,0
27121,1
27122,1
27123,1
27124,1
27125,0
27126,1
27127,0
27128,0
27129,0
27130,1
27131,0
27132,1
27133,1
27134,1
27135,1
27136,1
27137,1
27138,0
27139,0
27140,1
27141,1
27142,1
27143,0
27144,0
27145,1
27146,1
27147,0
27148,1
27149,0
27150,1
27151,0
27152,1
27153,1
27154,0
27155,1
27156,0
27157,0
27158,1
27159,0
27160,0
27161,0
27162,1
27163,1
27164,1
27165,1
27166,0
27167,0
27168,1
27169,1
27170,0
27171,0
27172,1
27173,0
27174,1
27175,1
27176,1
27177,1
27178,1
27179,0
27180,1
27181,1
27182,0
27183,1
27184,1
27185,0
27186,0
27187,1
27188,1
27189,1
27190,0
27191,0
27192,0
27193,1
27194,1
27195,1
27196,1
27197,0
27198,0
27199,1
27200,1
27201,1
27202,1
27203,1
27204,1
27205,0
27206,1
27207,1
27208,1
27209,0
27210,0
27211,1
27212,1
27213,0
27214,1
27215,1
27216,1
27217,1
27218,0
27219,0
27220,0
27221,1
27222,0
27223,1
27224,1
27225,1
27226,0
27227,1
27228,1
27229,0
27230,0
27231,0
27232,1
27233,0
27234,1
27235,0
27236,1
27237,0
27238,1
27239,1
27240,1
27241,0
27242,0
27243,1
27244,1
27245,0
27246,1
27247,0
27248,1
27249,1
27250,0
27251,0
27252,0
27253,1
27254,1
27255,0
27256,0
27257,1
27258,0
27259,1
27260,1
27261,0
27262,1
27263,0
27264,1
27265,0
27266,0
27267,0
27268,0
27269,0
27270,0
27271,1
27272,0
27273,1
27274,1
27275,0
27276,1
27277,1
27278,0
27279,1
27280,1
27281,1
27282,1
27283,0
27284,1
27285,1
27286,0
27287,0
27288,0
27289,1
27290,1
27291,0
27292,0
27293,0
27294,0
27295,1
27296,1
27297,1
27298,1
27299,0
27300,0
27301,1
27302,1
27303,0
27304,0
27305,1
27306,1
27307,0
27308,0
27309,0
27310,1
27311,1
27312,1
27313,0
27314,1
27315,1
27316,0
27317,0
27318,0
27319,1
27320,0
27321,0
27322,0
27323,1
27324,0
27325,1
27326,1
27327,1
27328,1
27329,1
27330,0
27331,1
27332,1
27333,0
27334,1
27335,0
27336,0
27337,0
27338,1
27339,1
27340,0
27341,1
27342,1
27343,1
27344,1
27345,1
27346,0
27347,0
27348,1
27349,1
27350,0
27351,1
27352,0
27353,1
27354,0
27355,1
27356,1
27357,1
27358,1
27359,0
27360,1
27361,1
27362,1
27363,1
27364,1
27365,0
27366,0
27367,1
27368,0
27369,1
27370,0
27371,1
27372,1
27373,0
27374,0
27375,1
27376,0
27377,1
27378,1
27379,1
27380,1
27381,1
27382,1
27383,0
27384,1
27385,1
27386,1
27387,1
27388,1
27389,1
27390,1
27391,0
27392,0
27393,0
27394,1
27395,0
27396,1
27397,0
27398,1
27399,1
27400,1
27401,1
27402,0
27403,0
27404,1
27405,1
27406,1
27407,1
27408,1
27409,0
27410,1
27411,1
27412,1
27413,1
27414,1
27415,1
27416,0
27417,1
27418,1
27419,0
27420,0
27421,0
27422,1
27423,1
27424,1
27425,1
27426,0
27427,1
27428,0
27429,1
27430,0
27431,0
27432,1
27433,1
27434,0
27435,1
27436,1
27437,1
27438,0
27439,0
27440,0
27441,1
27442,0
27443,0
27444,1
27445,1
27446,0
27447,0
27448,1
27449,0
27450,0
27451,0
27452,1
27453,1
27454,1
27455,0
27456,1
27457,1
27458,1
27459,1
27460,0
27461,1
27462,1
27463,0
27464,1
27465,0
27466,1
27467,0
27468,0
27469,0
27470,0
27471,1
27472,0
27473,0
27474,0
27475,1
27476,0
27477,0
27478,0
27479,1
27480,0
27481,0
27482,0
27483,1
27484,1
27485,1
27486,1
27487,1
27488,1
27489,1
27490,0
27491,0
27492,1
27493,1
27494,0
27495,1
27496,1
27497,1
27498,1
27499,1
27500,1
27501,1
27502,0
27503,1
27504,1
27505,0
27506,1
27507,1
27508,1
27509,1
27510,1
27511,0
27512,1
27513,1
27514,1
27515,0
27516,1
27517,0
27518,0
27519,1
27520,1
27521,1
27522,0
27523,0
27524,0
27525,0
27526,0
27527,1
27528,0
27529,1
27530,0
27531,0
27532,1
27533,1
27534,0
27535,1
27536,0
27537,1
27538,1
27539,0
27540,0
27541,1
27542,0
27543,0
27544,1
27545,0
27546,0
27547,1
27548,1
27549,0
27550,1
27551,0
27552,0
27553,1
27554,1
27555,1
27556,1
27557,0
27558,0
27559,0
27560,0
27561,1
27562,1
27563,0
27564,0
27565,0
27566,0
27567,1
27568,0
27569,1
27570,1
27571,1
27572,0
27573,1
27574,0
27575,1
27576,1
27577,0
27578,0
27579,1
27580,0
27581,1
27582,0
27583,1
27584,0
27585,1
27586,1
27587,0
27588,1
27589,1
27590,0
27591,0
27592,0
27593,0
27594,0
27595,0
27596,1
27597,0
27598,1
27599,0
27600,0
27601,0
27602,0
27603,0
27604,0
27605,0
27606,1
27607,1
27608,0
27609,1
27610,0
27611,0
27612,0
27613,0
27614,1
27615,0
27616,0
27617,0
27618,0
27619,1
27620,0
27621,1
27622,1
27623,1
27624,0
27625,1
27626,1
27627,1
27628,0
27629,1
27630,1
27631,1
27632,1
27633,1
27634,1
27635,0
27636,1
27637,0
27638,0
27639,1
27640,1
27641,1
27642,1
27643,1
27644,1
27645,0
27646,0
27647,1
27648,0
27649,1
27650,1
27651,1
27652,1
27653,1
27654,1
27655,0
27656,0
27657,0
27658,1
27659,0
27660,1
27661,1
27662,0
27663,1
27664,1
27665,0
27666,0
27667,0
27668,1
27669,1
27670,0
27671,0
27672,0
27673,1
27674,0
27675,0
27676,0
27677,0
27678,1
27679,1
27680,0
27681,0
27682,1
27683,0
27684,1
27685,1
27686,0
27687,1
27688,1
27689,1
27690,1
27691,1
27692,0
27693,0
27694,1
27695,1
27696,1
27697,0
27698,0
27699,1
27700,1
27701,1
27702,1
27703,1
27704,0
27705,1
27706,1
27707,0
27708,1
27709,1
27710,1
27711,1
27712,0
27713,1
27714,1
27715,0
27716,0
27717,1
27718,1
27719,1
27720,1
27721,1
27722,1
27723,0
27724,0
27725,0
27726,1
27727,1
27728,0
27729,0
27730,1
27731,1
27732,0
27733,0
27734,1
27735,0
27736,1
27737,1
27738,0
27739,1
27740,0
27741,1
27742,0
27743,0
27744,0
27745,1
27746,1
27747,0
27748,1
27749,0
27750,0
27751,1
27752,1
27753,1
27754,1
27755,0
27756,1
27757,1
27758,0
27759,1
27760,1
27761,1
27762,1
27763,1
27764,1
27765,0
27766,0
27767,1
27768,0
27769,1
27770,0
27771,1
27772,1
27773,0
27774,1
27775,0
27776,1
27777,1
27778,1
27779,1
27780,1
27781,0
27782,0
27783,1
27784,1
27785,1
27786,0
27787,0
27788,0
27789,1
27790,0
27791,0
27792,1
27793,1
27794,0
27795,0
27796,0
27797,1
27798,0
27799,1
27800,1
27801,1
27802,1
27803,1
27804,0
27805,0
27806,0
27807,0
27808,0
27809,1
27810,0
27811,0
27812,1
27813,0
27814,1
27815,1
27816,1
27817,1
27818,0
27819,0
27820,0
27821,1
27822,1
27823,1
27824,1
27825,0
27826,1
27827,0
27828,0
27829,0
27830,1
27831,0
27832,1
27833,0
27834,1
27835,0
27836,0
27837,1
27838,1
27839,1
27840,1
27841,0
27842,1
27843,0
27844,1
27845,0
27846,0
27847,1
27848,0
27849,0
27850,1
27851,1
27852,1
27853,1
27854,1
27855,1
27856,0
27857,0
27858,1
27859,1
27860,1
27861,1
27862,0
27863,1
27864,1
27865,0
27866,0
27867,0
27868,1
27869,0
27870,0
27871,0
27872,1
27873,0
27874,1
27875,0
27876,0
27877,1
27878,0
27879,0
27880,1
27881,1
27882,0
27883,1
27884,0
27885,0
27886,0
27887,1
27888,0
27889,1
27890,0
27891,0
27892,1
27893,1
27894,1
27895,0
27896,1
27897,1
27898,0
27899,0
27900,0
27901,0
27902,1
27903,1
27904,0
27905,1
27906,1
27907,1
27908,1
27909,1
27910,0
27911,0
27912,1
27913,0
27914,0
27915,1
27916,1
27917,1
27918,0
27919,0
27920,1
27921,1
27922,0
27923,1
27924,1
27925,1
27926,0
27927,0
27928,0
27929,1
27930,1
27931,1
27932,1
27933,0
27934,0
27935,1
27936,1
27937,0
27938,0
27939,1
27940,1
27941,1
27942,0
27943,1
27944,1
27945,0
27946,0
27947,1
27948,1
27949,1
27950,0
27951,1
27952,1
27953,0
27954,1
27955,0
27956,0
27957,1
27958,0
27959,0
27960,1
27961,1
27962,0
27963,1
27964,1
27965,0
27966,1
27967,1
27968,1
27969,1
27970,0
27971,1
27972,1
27973,0
27974,0
27975,0
27976,1
27977,0
27978,0
27979,0
27980,1
27981,0
27982,1
27983,0
27984,1
27985,1
27986,1
27987,0
27988,1
27989,1
27990,1
27991,1
27992,0
27993,1
27994,1
27995,1
27996,0
27997,1
27998,1
27999,0
28000,1
28001,0
28002,1
28003,1
28004,1
28005,1
28006,1
28007,1
28008,1
28009,1
28010,0
28011,0
28012,0
28013,0
28014,1
28015,1
28016,0
28017,0
28018,1
28019,1
28020,0
28021,1
28022,0
28023,0
28024,1
28025,1
28026,0
28027,0
28028,1
28029,1
28030,0
28031,1
28032,1
28033,1
28034,1
28035,1
28036,1
28037,1
28038,0
28039,1
28040,1
28041,1
28042,0
28043,1
28044,0
28045,0
28046,1
28047,1
28048,1
28049,1
28050,1
28051,0
28052,0
28053,0
28054,0
28055,1
28056,1
28057,1
28058,1
28059,0
28060,1
28061,1
28062,0
28063,0
28064,1
28065,1
28066,0
28067,0
28068,1
28069,1
28070,0
28071,0
28072,0
28073,0
28074,1
28075,0
28076,1
28077,0
28078,1
28079,1
28080,1
28081,1
28082,1
28083,0
28084,1
28085,0
28086,1
28087,0
28088,1
28089,1
28090,1
28091,0
28092,0
28093,1
28094,1
28095,1
28096,1
28097,0
28098,0
28099,1
28100,0
28101,0
28102,1
28103,1
28104,1
28105,1
28106,1
28107,1
28108,0
28109,1
28110,1
28111,0
28112,0
28113,1
28114,1
28115,0
28116,0
28117,0
28118,0
28119,0
28120,0
28121,0
28122,1
28123,0
28124,0
28125,1
28126,0
28127,1
28128,1
28129,1
28130,0
28131,1
28132,0
28133,1
28134,1
28135,1
28136,1
28137,1
28138,0
28139,0
28140,1
28141,1
28142,1
28143,0
28144,0
28145,0
28146,1
28147,1
28148,1
28149,1
28150,0
28151,1
28152,1
28153,1
28154,1
28155,0
28156,0
28157,1
28158,0
28159,0
28160,0
28161,1
28162,0
28163,1
28164,1
28165,1
28166,0
28167,0
28168,1
28169,1
28170,1
28171,1
28172,1
28173,1
28174,1
28175,1
28176,0
28177,1
28178,1
28179,1
28180,0
28181,0
28182,1
28183,0
28184,0
28185,1
28186,0
28187,1
28188,1
28189,0
28190,1
28191,1
28192,0
28193,0
28194,0
28195,1
28196,0
28197,1
28198,0
28199,0
28200,1
28201,1
28202,1
28203,1
28204,0
28205,1
28206,1
28207,1
28208,0
28209,0
28210,0
28211,0
28212,0
28213,1
28214,1
28215,1
28216,1
28217,0
28218,0
28219,0
28220,1
28221,0
28222,1
28223,1
28224,0
28225,1
28226,0
28227,0
28228,0
28229,0
28230,1
28231,1
28232,0
28233,1
28234,1
28235,0
28236,1
28237,0
28238,0
28239,1
28240,0
28241,0
28242,1
28243,0
28244,0
28245,0
28246,1
28247,0
28248,1
28249,0
28250,1
28251,0
28252,1
28253,0
28254,1
28255,0
28256,1
28257,1
28258,0
28259,0
28260,0
28261,1
28262,0
28263,0
28264,0
28265,1
28266,0
28267,1
28268,1
28269,0
28270,1
28271,0
28272,0
28273,0
28274,1
28275,0
28276,0
28277,0
28278,1
28279,1
28280,1
28281,0
28282,0
28283,0
28284,1
28285,0
28286,1
28287,0
28288,0
28289,1
28290,0
28291,1
28292,0
28293,0
28294,1
28295,1
28296,0
28297,1
28298,0
28299,0
28300,0
28301,0
28302,0
28303,0
28304,1
28305,0
28306,0
28307,0
28308,1
28309,0
28310,0
28311,1
28312,0
28313,1
28314,1
28315,0
28316,1
28317,1
28318,1
28319,0
28320,0
28321,1
28322,0
28323,0
28324,1
28325,0
28326,1
28327,0
28328,0
28329,0
28330,0
28331,1
28332,1
28333,1
28334,0
28335,1
28336,1
28337,1
28338,0
28339,1
28340,1
28341,1
28342,1
28343,0
28344,1
28345,0
28346,0
28347,0
28348,0
28349,0
28350,1
28351,1
28352,0
28353,0
28354,0
28355,1
28356,0
28357,0
28358,1
28359,0
28360,0
28361,1
28362,1
28363,1
28364,1
28365,1
28366,0
28367,1
28368,0
28369,1
28370,0
28371,1
28372,0
28373,1
28374,1
28375,0
28376,1
28377,0
28378,1
28379,1
28380,1
28381,1
28382,1
28383,1
28384,1
28385,0
28386,1
28387,0
28388,1
28389,1
28390,1
28391,0
28392,0
28393,1
28394,1
28395,0
28396,0
28397,0
28398,1
28399,1
28400,1
28401,1
28402,0
28403,0
28404,1
28405,1
28406,1
28407,0
28408,0
28409,0
28410,0
28411,1
28412,0
28413,0
28414,0
28415,1
28416,0
28417,1
28418,1
28419,1
28420,0
28421,0
28422,0
28423,1
28424,1
28425,0
28426,1
28427,0
28428,0
28429,1
28430,0
28431,1
28432,0
28433,0
28434,1
28435,0
28436,0
28437,0
28438,1
28439,1
28440,1
28441,1
28442,1
28443,0
28444,0
28445,1
28446,1
28447,0
28448,0
28449,0
28450,1
28451,1
28452,0
28453,1
28454,1
28455,0
28456,1
28457,1
28458,1
28459,0
28460,1
28461,0
28462,0
28463,0
28464,0
28465,1
28466,0
28467,1
28468,1
28469,0
28470,0
28471,0
28472,0
28473,0
28474,0
28475,1
28476,0
28477,0
28478,1
28479,0
28480,1
28481,0
28482,0
28483,1
28484,1
28485,1
28486,1
28487,1
28488,0
28489,1
28490,1
28491,0
28492,1
28493,1
28494,0
28495,1
28496,1
28497,0
28498,0
28499,0
28500,1
28501,0
28502,1
28503,1
28504,0
28505,0
28506,1
28507,1
28508,1
28509,0
28510,0
28511,0
28512,1
28513,0
28514,1
28515,0
28516,0
28517,1
28518,1
28519,1
28520,0
28521,0
28522,1
28523,1
28524,0
28525,0
28526,0
28527,0
28528,0
28529,0
28530,0
28531,1
28532,1
28533,0
28534,0
28535,1
28536,1
28537,1
28538,0
28539,0
28540,1
28541,0
28542,1
28543,0
28544,1
28545,0
28546,0
28547,1
28548,1
28549,1
28550,1
28551,0
28552,0
28553,1
28554,0
28555,0
28556,1
28557,1
28558,0
28559,0
28560,1
28561,0
28562,1
28563,0
28564,0
28565,1
28566,0
28567,1
28568,1
28569,0
28570,1
28571,0
28572,1
28573,1
28574,1
28575,1
28576,1
28577,1
28578,1
28579,1
28580,1
28581,1
28582,1
28583,1
28584,0
28585,1
28586,0
28587,0
28588,1
28589,1
28590,0
28591,0
28592,0
28593,0
28594,1
28595,1
28596,0
28597,0
28598,1
28599,0
28600,0
28601,1
28602,0
28603,1
28604,0
28605,0
28606,0
28607,1
28608,0
28609,1
28610,1
28611,1
28612,1
28613,1
28614,0
28615,1
28616,0
28617,1
28618,1
28619,0
28620,1
28621,1
28622,0
28623,0
28624,1
28625,1
28626,0
28627,1
28628,1
28629,1
28630,1
28631,0
28632,1
28633,0
28634,0
28635,0
28636,0
28637,0
28638,0
28639,1
28640,0
28641,0
28642,0
28643,1
28644,1
28645,1
28646,1
28647,1
28648,0
28649,0
28650,0
28651,1
28652,1
28653,0
28654,1
28655,1
28656,1
28657,1
28658,0
28659,0
28660,1
28661,0
28662,1
28663,1
28664,0
28665,0
28666,1
28667,1
28668,1
28669,0
28670,1
28671,0
28672,0
28673,0
28674,0
28675,1
28676,1
28677,1
28678,1
28679,1
28680,0
28681,1
28682,1
28683,0
28684,0
28685,0
28686,0
28687,0
28688,0
28689,0
28690,1
28691,0
28692,1
28693,1
28694,1
28695,1
28696,1
28697,1
28698,0
28699,1
28700,0
28701,1
28702,0
28703,1
28704,1
28705,0
28706,0
28707,1
28708,0
28709,1
28710,1
28711,0
28712,1
28713,0
28714,1
28715,0
28716,1
28717,1
28718,0
28719,0
28720,0
28721,1
28722,0
28723,0
28724,0
28725,1
28726,1
28727,1
28728,1
28729,0
28730,1
28731,1
28732,0
28733,0
28734,1
28735,1
28736,1
28737,0
28738,0
28739,1
28740,0
28741,1
28742,1
28743,1
28744,0
28745,1
28746,0
28747,1
28748,1
28749,0
28750,0
28751,1
28752,1
28753,0
28754,0
28755,1
28756,0
28757,1
28758,0
28759,1
28760,0
28761,1
28762,1
28763,1
28764,0
28765,1
28766,1
28767,0
28768,0
28769,0
28770,0
28771,1
28772,1
28773,0
28774,1
28775,1
28776,1
28777,0
28778,0
28779,1
28780,0
28781,1
28782,0
28783,0
28784,1
28785,1
28786,1
28787,1
28788,0
28789,0
28790,1
28791,1
28792,1
28793,1
28794,1
28795,1
28796,1
28797,1
28798,1
28799,0
28800,1
28801,1
28802,0
28803,0
28804,0
28805,1
28806,0
28807,0
28808,0
28809,1
28810,0
28811,0
28812,1
28813,1
28814,0
28815,1
28816,0
28817,1
28818,1
28819,0
28820,1
28821,0
28822,1
28823,0
28824,1
28825,1
28826,1
28827,1
28828,1
28829,0
28830,1
28831,1
28832,1
28833,0
28834,0
28835,1
28836,0
28837,1
28838,1
28839,0
28840,1
28841,0
28842,0
28843,0
28844,0
28845,0
28846,0
28847,1
28848,0
28849,0
28850,1
28851,1
28852,0
28853,0
28854,1
28855,1
28856,1
28857,1
28858,0
28859,1
28860,0
28861,1
28862,0
28863,0
28864,1
28865,1
28866,1
28867,0
28868,1
28869,1
28870,0
28871,1
28872,1
28873,0
28874,0
28875,1
28876,0
28877,0
28878,0
28879,1
28880,0
28881,0
28882,0
28883,0
28884,0
28885,0
28886,1
28887,1
28888,0
28889,1
28890,0
28891,1
28892,1
28893,0
28894,0
28895,1
28896,0
28897,0
28898,1
28899,1
28900,0
28901,1
28902,0
28903,0
28904,0
28905,1
28906,1
28907,0
28908,1
28909,1
28910,0
28911,1
28912,0
28913,0
28914,1
28915,1
28916,1
28917,1
28918,1
28919,0
28920,1
28921,1
28922,0
28923,0
28924,1
28925,0
28926,1
28927,1
28928,0
28929,0
28930,1
28931,0
28932,1
28933,1
28934,1
28935,1
28936,0
28937,1
28938,0
28939,1
28940,0
28941,1
28942,0
28943,1
28944,1
28945,1
28946,0
28947,1
28948,1
28949,1
28950,1
28951,1
28952,0
28953,0
28954,1
28955,0
28956,0
28957,1
28958,1
28959,0
28960,0
28961,0
28962,0
28963,0
28964,0
28965,0
28966,1
28967,1
28968,0
28969,0
28970,1
28971,1
28972,1
28973,0
28974,1
28975,0
28976,1
28977,1
28978,1
28979,0
28980,1
28981,1
28982,1
28983,1
28984,1
28985,0
28986,1
28987,0
28988,1
28989,0
28990,1
28991,0
28992,1
28993,0
28994,1
28995,0
28996,0
28997,0
28998,1
28999,1
29000,0
29001,0
29002,1
29003,1
29004,0
29005,0
29006,0
29007,0
29008,0
29009,0
29010,1
29011,0
29012,1
29013,0
29014,1
29015,1
29016,0
29017,0
29018,0
29019,1
29020,0
29021,1
29022,0
29023,0
29024,0
29025,1
29026,1
29027,1
29028,0
29029,0
29030,1
29031,0
29032,0
29033,0
29034,1
29035,0
29036,1
29037,1
29038,1
29039,1
29040,0
29041,0
29042,0
29043,0
29044,1
29045,1
29046,0
29047,1
29048,0
29049,1
29050,1
29051,1
29052,0
29053,0
29054,1
29055,0
29056,1
29057,0
29058,0
29059,1
29060,0
29061,1
29062,1
29063,1
29064,1
29065,1
29066,1
29067,1
29068,0
29069,0
29070,0
29071,1
29072,0
29073,0
29074,1
29075,1
29076,0
29077,1
29078,1
29079,0
29080,0
29081,1
29082,1
29083,1
29084,1
29085,0
29086,1
29087,1
29088,0
29089,1
29090,0
29091,1
29092,0
29093,0
29094,1
29095,0
29096,0
29097,1
29098,1
29099,0
29100,0
29101,0
29102,0
29103,0
29104,0
29105,1
29106,1
29107,0
29108,0
29109,1
29110,0
29111,0
29112,1
29113,1
29114,1
29115,0
29116,1
29117,0
29118,1
29119,1
29120,0
29121,0
29122,1
29123,1
29124,1
29125,1
29126,1
29127,0
29128,1
29129,0
29130,0
29131,1
29132,1
29133,1
29134,0
29135,0
29136,0
29137,1
29138,1
29139,1
29140,0
29141,1
29142,0
29143,1
29144,1
29145,1
29146,1
29147,1
29148,1
29149,1
29150,1
29151,1
29152,1
29153,1
29154,1
29155,0
29156,1
29157,1
29158,0
29159,0
29160,1
29161,0
29162,0
29163,1
29164,1
29165,1
29166,1
29167,0
29168,0
29169,1
29170,0
29171,1
29172,1
29173,1
29174,0
29175,1
29176,1
29177,0
29178,0
29179,1
29180,1
29181,1
29182,0
29183,1
29184,1
29185,0
29186,1
29187,1
29188,0
29189,0
29190,1
29191,1
29192,0
29193,0
29194,1
29195,1
29196,0
29197,0
29198,1
29199,1
29200,0
29201,1
29202,1
29203,1
29204,1
29205,0
29206,1
29207,1
29208,1
29209,0
29210,1
29211,0
29212,1
29213,0
29214,1
29215,1
29216,0
29217,1
29218,1
29219,1
29220,0
29221,1
29222,0
29223,1
29224,0
29225,1
29226,1
29227,0
29228,1
29229,1
29230,1
29231,0
29232,1
29233,1
29234,1
29235,1
29236,0
29237,0
29238,0
29239,0
29240,1
29241,0
29242,0
29243,0
29244,0
29245,0
29246,1
29247,1
29248,1
29249,1
29250,1
29251,1
29252,1
29253,0
29254,1
29255,1
29256,0
29257,0
29258,0
29259,1
29260,0
29261,0
29262,1
29263,1
29264,1
29265,1
29266,1
29267,1
29268,1
29269,0
29270,0
29271,0
29272,1
29273,0
29274,0
29275,1
29276,1
29277,1
29278,1
29279,0
29280,1
29281,1
29282,1
29283,1
29284,1
29285,0
29286,1
29287,0
29288,1
29289,1
29290,1
29291,1
29292,0
29293,1
29294,1
29295,0
29296,0
29297,1
29298,1
29299,0
29300,0
29301,0
29302,1
29303,0
29304,1
29305,1
29306,1
29307,1
29308,0
29309,1
29310,1
29311,1
29312,1
29313,0
29314,0
29315,0
29316,1
29317,1
29318,0
29319,0
29320,0
29321,1
29322,0
29323,1
29324,1
29325,1
29326,0
29327,1
29328,0
29329,1
29330,0
29331,0
29332,0
29333,0
29334,0
29335,0
29336,0
29337,0
29338,0
29339,0
29340,0
29341,1
29342,0
29343,0
29344,1
29345,0
29346,1
29347,1
29348,1
29349,0
29350,0
29351,1
29352,0
29353,1
29354,1
29355,0
29356,0
29357,0
29358,1
29359,0
29360,0
29361,0
29362,1
29363,1
29364,1
29365,1
29366,0
29367,0
29368,1
29369,0
29370,1
29371,1
29372,0
29373,1
29374,1
29375,0
29376,1
29377,0
29378,0
29379,1
29380,1
29381,0
29382,1
29383,1
29384,1
29385,1
29386,0
29387,0
29388,0
29389,1
29390,0
29391,0
29392,0
29393,1
29394,1
29395,0
29396,1
29397,0
29398,0
29399,0
29400,1
29401,1
29402,1
29403,1
29404,1
29405,0
29406,0
29407,0
29408,0
29409,1
29410,1
29411,1
29412,1
29413,0
29414,1
29415,1
29416,0
29417,1
29418,1
29419,1
29420,0
29421,1
29422,1
29423,1
29424,1
29425,1
29426,0
29427,1
29428,1
29429,1
29430,0
29431,0
29432,0
29433,1
29434,1
29435,1
29436,0
29437,1
29438,1
29439,1
29440,0
29441,0
29442,0
29443,0
29444,1
29445,1
29446,1
29447,1
29448,1
29449,0
29450,1
29451,0
29452,1
29453,1
29454,0
29455,0
29456,0
29457,1
29458,0
29459,0
29460,0
29461,1
29462,0
29463,1
29464,0
29465,0
29466,1
29467,0
29468,1
29469,1
29470,0
29471,1
29472,0
29473,1
29474,0
29475,0
29476,0
29477,0
29478,0
29479,0
29480,1
29481,0
29482,0
29483,0
29484,0
29485,1
29486,0
29487,1
29488,0
29489,0
29490,0
29491,1
29492,0
29493,1
29494,0
29495,0
29496,1
29497,0
29498,0
29499,1
29500,1
29501,1
29502,1
29503,0
29504,0
29505,0
29506,0
29507,1
29508,1
29509,1
29510,1
29511,1
29512,1
29513,0
29514,0
29515,1
29516,0
29517,0
29518,0
29519,1
29520,1
29521,1
29522,1
29523,0
29524,1
29525,1
29526,1
29527,1
29528,1
29529,1
29530,1
29531,1
29532,1
29533,0
29534,1
29535,0
29536,1
29537,1
29538,1
29539,0
29540,0
29541,0
29542,0
29543,1
29544,1
29545,0
29546,1
29547,1
29548,0
29549,1
29550,0
29551,0
29552,1
29553,0
29554,1
29555,1
29556,1
29557,1
29558,0
29559,1
29560,1
29561,0
29562,0
29563,1
29564,0
29565,0
29566,1
29567,0
29568,0
29569,0
29570,1
29571,1
29572,0
29573,0
29574,0
29575,1
29576,1
29577,0
29578,1
29579,1
29580,1
29581,1
29582,0
29583,1
29584,0
29585,1
29586,0
29587,0
29588,0
29589,1
29590,1
29591,1
29592,1
29593,1
29594,1
29595,1
29596,1
29597,1
29598,1
29599,1
29600,0
29601,0
29602,1
29603,1
29604,1
29605,1
29606,1
29607,1
29608,0
29609,1
29610,1
29611,1
29612,0
29613,1
29614,1
29615,1
29616,0
29617,0
29618,0
29619,0
29620,1
29621,0
29622,1
29623,0
29624,0
29625,0
29626,1
29627,1
29628,0
29629,1
29630,0
29631,1
29632,1
29633,0
29634,0
29635,1
29636,1
29637,1
29638,0
29639,0
29640,1
29641,1
29642,1
29643,0
29644,1
29645,0
29646,0
29647,0
29648,0
29649,1
29650,0
29651,0
29652,1
29653,1
29654,0
29655,0
29656,1
29657,0
29658,0
29659,1
29660,1
29661,1
29662,1
29663,0
29664,0
29665,1
29666,0
29667,1
29668,1
29669,0
29670,1
29671,1
29672,1
29673,1
29674,0
29675,1
29676,1
29677,0
29678,0
29679,1
29680,0
29681,1
29682,0
29683,1
29684,0
29685,0
29686,0
29687,1
29688,0
29689,0
29690,1
29691,0
29692,1
29693,0
29694,1
29695,0
29696,1
29697,1
29698,1
29699,0
29700,1
29701,1
29702,1
29703,0
29704,0
29705,0
29706,1
29707,0
29708,1
29709,1
29710,1
29711,0
29712,0
29713,0
29714,1
29715,1
29716,0
29717,1
29718,1
29719,1
29720,1
29721,1
29722,1
29723,0
29724,1
29725,1
29726,1
29727,1
29728,0
29729,0
29730,1
29731,1
29732,0
29733,1
29734,1
29735,0
29736,1
29737,0
29738,0
29739,0
29740,1
29741,1
29742,1
29743,0
29744,1
29745,1
29746,1
29747,0
29748,0
29749,1
29750,1
29751,1
29752,0
29753,1
29754,1
29755,0
29756,0
29757,0
29758,1
29759,1
29760,1
29761,1
29762,0
29763,0
29764,0
29765,1
29766,0
29767,1
29768,1
29769,0
29770,1
29771,1
29772,1
29773,1
29774,0
29775,0
29776,1
29777,1
29778,0
29779,0
29780,0
29781,0
29782,0
29783,0
29784,0
29785,1
29786,1
29787,0
29788,1
29789,1
29790,1
29791,0
29792,1
29793,0
29794,1
29795,1
29796,1
29797,0
29798,1
29799,0
29800,0
29801,1
29802,1
29803,0
29804,0
29805,1
29806,1
29807,0
29808,0
29809,1
29810,1
29811,1
29812,1
29813,1
29814,1
29815,1
29816,1
29817,0
29818,1
29819,0
29820,1
29821,1
29822,1
29823,0
29824,1
29825,1
29826,1
29827,1
29828,0
29829,0
29830,1
29831,0
29832,1
29833,0
29834,1
29835,1
29836,1
29837,1
29838,0
29839,1
29840,0
29841,1
29842,0
29843,1
29844,1
29845,1
29846,0
29847,1
29848,1
29849,1
29850,1
29851,0
29852,1
29853,0
29854,0
29855,0
29856,0
29857,0
29858,1
29859,0
29860,1
29861,0
29862,1
29863,0
29864,1
29865,0
29866,0
29867,0
29868,0
29869,1
29870,0
29871,1
29872,1
29873,0
29874,1
29875,0
29876,0
29877,1
29878,1
29879,1
29880,1
29881,1
29882,1
29883,1
29884,1
29885,1
29886,1
29887,0
29888,1
29889,0
29890,1
29891,1
29892,1
29893,0
29894,1
29895,1
29896,0
29897,1
29898,0
29899,0
29900,1
29901,0
29902,1
29903,0
29904,1
29905,0
29906,1
29907,0
29908,1
29909,0
29910,0
29911,1
29912,1
29913,0
29914,0
29915,1
29916,0
29917,0
29918,1
29919,0
29920,0
29921,1
29922,1
29923,1
29924,1
29925,1
29926,1
29927,1
29928,0
29929,0
29930,0
29931,0
29932,0
29933,1
29934,0
29935,1
29936,0
29937,1
29938,0
29939,1
29940,0
29941,1
29942,1
29943,1
29944,1
29945,0
29946,0
29947,0
29948,0
29949,0
29950,1
29951,0
29952,1
29953,1
29954,0
29955,1
29956,0
29957,0
29958,1
29959,1
29960,0
29961,1
29962,1
29963,1
29964,1
29965,1
29966,0
29967,1
29968,1
29969,1
29970,1
29971,0
29972,1
29973,1
29974,1
29975,0
29976,0
29977,1
29978,1
29979,1
29980,1
29981,1
29982,1
29983,0
29984,1
29985,0
29986,0
29987,1
29988,0
29989,1
29990,0
29991,0
29992,1
29993,1
29994,1
29995,1
29996,1
29997,1
29998,1
29999,1
30000,1
30001,1
30002,1
30003,1
30004,0
30005,1
30006,1
30007,1
30008,1
30009,1
30010,1
30011,1
30012,0
30013,1
30014,1
30015,1
30016,0
30017,0
30018,0
30019,1
30020,0
30021,0
30022,0
30023,1
30024,0
30025,1
30026,1
30027,1
30028,0
30029,0
30030,0
30031,1
30032,0
30033,1
30034,0
30035,1
30036,1
30037,1
30038,0
30039,0
30040,0
30041,1
30042,0
30043,0
30044,0
30045,0
30046,0
30047,1
30048,1
30049,0
30050,1
30051,1
30052,1
30053,0
30054,1
30055,1
30056,1
30057,0
30058,1
30059,1
30060,1
30061,1
30062,1
30063,0
30064,1
30065,0
30066,1
30067,0
30068,0
30069,1
30070,1
30071,1
30072,0
30073,1
30074,1
30075,1
30076,0
30077,1
30078,0
30079,1
30080,1
30081,0
30082,1
30083,0
30084,0
30085,0
30086,0
30087,0
30088,1
30089,0
30090,1
30091,0
30092,0
30093,1
30094,1
30095,1
30096,0
30097,0
30098,1
30099,1
30100,1
30101,1
30102,0
30103,1
30104,1
30105,1
30106,1
30107,1
30108,1
30109,1
30110,1
30111,0
30112,1
30113,0
30114,1
30115,0
30116,0
30117,0
30118,1
30119,1
30120,1
30121,0
30122,1
30123,0
30124,0
30125,0
30126,1
30127,0
30128,0
30129,0
30130,1
30131,0
30132,1
30133,1
30134,1
30135,0
30136,1
30137,0
30138,0
30139,0
30140,0
30141,1
30142,0
30143,1
30144,1
30145,1
30146,0
30147,0
30148,1
30149,1
30150,0
30151,1
30152,1
30153,1
30154,1
30155,0
30156,1
30157,0
30158,0
30159,1
30160,1
30161,1
30162,0
30163,1
30164,1
30165,1
30166,1
30167,1
30168,0
30169,0
30170,1
30171,0
30172,0
30173,1
30174,1
30175,1
30176,0
30177,1
30178,0
30179,1
30180,0
30181,1
30182,0
30183,1
30184,0
30185,1
30186,1
30187,1
30188,0
30189,1
30190,1
30191,1
30192,1
30193,0
30194,1
30195,0
30196,1
30197,0
30198,1
30199,1
30200,1
30201,0
30202,1
30203,1
30204,1
30205,0
30206,0
30207,1
30208,1
30209,1
30210,1
30211,0
30212,1
30213,1
30214,0
30215,0
30216,1
30217,1
30218,1
30219,1
30220,0
30221,0
30222,0
30223,0
30224,1
30225,1
30226,0
30227,1
30228,0
30229,1
30230,1
30231,0
30232,1
30233,0
30234,0
30235,1
30236,1
30237,1
30238,1
30239,1
30240,1
30241,0
30242,1
30243,1
30244,1
30245,1
30246,1
30247,0
30248,1
30249,1
30250,1
30251,1
30252,0
30253,0
30254,1
30255,1
30256,0
30257,1
30258,0
30259,1
30260,0
30261,0
30262,1
30263,0
30264,1
30265,1
30266,1
30267,1
30268,1
30269,1
30270,1
30271,0
30272,1
30273,1
30274,1
30275,1
30276,1
30277,1
30278,0
30279,0
30280,1
30281,1
30282,1
30283,0
30284,0
30285,1
30286,0
30287,1
30288,1
30289,0
30290,1
30291,0
30292,1
30293,0
30294,0
30295,0
30296,0
30297,1
30298,1
30299,1
30300,1
30301,1
30302,1
30303,0
30304,1
30305,1
30306,0
30307,1
30308,0
30309,1
30310,0
30311,0
30312,0
30313,0
30314,0
30315,1
30316,0
30317,0
30318,1
30319,1
30320,1
30321,0
30322,1
30323,1
30324,0
30325,0
30326,0
30327,0
30328,0
30329,0
30330,1
30331,0
30332,1
30333,1
30334,0
30335,1
30336,1
30337,0
30338,0
30339,0
30340,1
30341,0
30342,0
30343,1
30344,1
30345,0
30346,1
30347,1
30348,1
30349,0
30350,0
30351,0
30352,0
30353,0
30354,0
30355,1
30356,1
30357,1
30358,0
30359,0
30360,0
30361,1
30362,0
30363,0
30364,1
30365,0
30366,1
30367,0
30368,1
30369,1
30370,1
30371,1
30372,0
30373,0
30374,1
30375,0
30376,0
30377,1
30378,0
30379,0
30380,1
30381,1
30382,1
30383,1
30384,1
30385,1
30386,1
30387,1
30388,0
30389,0
30390,0
30391,1
30392,1
30393,1
30394,1
30395,0
30396,0
30397,0
30398,1
30399,0
30400,1
30401,1
30402,1
30403,1
30404,0
30405,1
30406,0
30407,1
30408,1
30409,1
30410,1
30411,1
30412,0
30413,1
30414,1
30415,1
30416,0
30417,1
30418,1
30419,0
30420,0
30421,1
30422,0
30423,1
30424,1
30425,1
30426,1
30427,1
30428,1
30429,0
30430,1
30431,0
30432,0
30433,1
30434,1
30435,0
30436,0
30437,1
30438,1
30439,0
30440,0
30441,1
30442,1
30443,1
30444,0
30445,1
30446,0
30447,0
30448,0
30449,0
30450,1
30451,0
30452,1
30453,0
30454,0
30455,1
30456,1
30457,0
30458,0
30459,0
30460,1
30461,0
30462,1
30463,1
30464,1
30465,1
30466,1
30467,1
30468,1
30469,0
30470,1
30471,0
30472,1
30473,1
30474,1
30475,1
30476,0
30477,1
30478,1
30479,0
30480,1
30481,1
30482,0
30483,1
30484,1
30485,0
30486,0
30487,0
30488,1
30489,0
30490,0
30491,1
30492,0
30493,0
30494,1
30495,1
30496,0
30497,1
30498,1
30499,1
30500,0
30501,1
30502,0
30503,0
30504,0
30505,1
30506,0
30507,0
30508,1
30509,0
30510,1
30511,1
30512,0
30513,1
30514,1
30515,1
30516,1
30517,1
30518,1
30519,1
30520,1
30521,0
30522,0
30523,1
30524,0
30525,1
30526,1
30527,0
30528,1
30529,0
30530,0
30531,1
30532,1
30533,0
30534,0
30535,1
30536,0
30537,0
30538,1
30539,0
30540,0
30541,1
30542,0
30543,0
30544,1
30545,1
30546,1
30547,0
30548,1
30549,0
30550,0
30551,0
30552,0
30553,1
30554,1
30555,1
30556,0
30557,1
30558,1
30559,0
30560,0
30561,1
30562,1
30563,1
30564,0
30565,0
30566,1
30567,0
30568,0
30569,0
30570,0
30571,0
30572,1
30573,0
30574,1
30575,1
30576,0
30577,1
30578,1
30579,1
30580,1
30581,1
30582,1
30583,1
30584,1
30585,0
30586,1
30587,0
30588,0
30589,0
30590,1
30591,0
30592,1
30593,0
30594,0
30595,0
30596,1
30597,1
30598,1
30599,0
30600,0
30601,1
30602,1
30603,1
30604,0
30605,0
30606,0
30607,1
30608,1
30609,1
30610,1
30611,0
30612,0
30613,1
30614,0
30615,0
30616,0
30617,1
30618,0
30619,1
30620,1
30621,0
30622,0
30623,0
30624,1
30625,0
30626,0
30627,0
30628,0
30629,0
30630,0
30631,1
30632,0
30633,1
30634,0
30635,1
30636,0
30637,0
30638,1
30639,0
30640,0
30641,1
30642,1
30643,0
30644,0
30645,0
30646,0
30647,0
30648,1
30649,1
30650,0
30651,0
30652,0
30653,1
30654,1
30655,0
30656,0
30657,1
30658,0
30659,0
30660,0
30661,1
30662,1
30663,1
30664,1
30665,1
30666,1
30667,1
30668,1
30669,0
30670,0
30671,1
30672,1
30673,1
30674,1
30675,0
30676,0
30677,0
30678,0
30679,1
30680,1
30681,1
30682,1
30683,1
30684,0
30685,0
30686,1
30687,1
30688,0
30689,0
30690,1
30691,0
30692,1
30693,1
30694,0
30695,1
30696,1
30697,1
30698,0
30699,0
30700,1
30701,0
30702,1
30703,1
30704,1
30705,1
30706,0
30707,1
30708,0
30709,0
30710,1
30711,1
30712,1
30713,0
30714,1
30715,0
30716,1
30717,0
30718,0
30719,0
30720,0
30721,1
30722,0
30723,0
30724,1
30725,0
30726,0
30727,1
30728,0
30729,0
30730,1
30731,1
30732,0
30733,1
30734,0
30735,1
30736,0
30737,0
30738,0
30739,0
30740,0
30741,1
30742,1
30743,1
30744,0
30745,1
30746,0
30747,1
30748,0
30749,0
30750,1
30751,0
30752,0
30753,0
30754,1
30755,0
30756,1
30757,0
30758,1
30759,0
30760,0
30761,1
30762,1
30763,0
30764,1
30765,1
30766,1
30767,1
30768,1
30769,0
30770,1
30771,1
30772,1
30773,1
30774,1
30775,0
30776,1
30777,1
30778,0
30779,0
30780,1
30781,1
30782,0
30783,1
30784,0
30785,0
30786,1
30787,0
30788,1
30789,0
30790,0
30791,0
30792,0
30793,1
30794,0
30795,0
30796,1
30797,0
30798,1
30799,1
30800,1
30801,0
30802,1
30803,1
30804,0
30805,0
30806,1
30807,1
30808,1
30809,0
30810,0
30811,0
30812,1
30813,0
30814,1
30815,0
30816,1
30817,1
30818,1
30819,1
30820,0
30821,1
30822,0
30823,0
30824,0
30825,1
30826,0
30827,0
30828,0
30829,1
30830,1
30831,1
30832,0
30833,0
30834,1
30835,0
30836,0
30837,0
30838,0
30839,1
30840,1
30841,0
30842,1
30843,0
30844,0
30845,1
30846,1
30847,1
30848,1
30849,1
30850,0
30851,0
30852,0
30853,1
30854,0
30855,1
30856,1
30857,0
30858,1
30859,0
30860,0
30861,0
30862,1
30863,0
30864,0
30865,1
30866,1
30867,0
30868,1
30869,1
30870,1
30871,1
30872,1
30873,1
30874,1
30875,1
30876,0
30877,1
30878,1
30879,0
30880,1
30881,0
30882,0
30883,1
30884,1
30885,1
30886,0
30887,0
30888,1
30889,0
30890,0
30891,1
30892,0
30893,1
30894,1
30895,1
30896,1
30897,1
30898,1
30899,0
30900,1
30901,1
30902,1
30903,0
30904,1
30905,0
30906,1
30907,0
30908,0
30909,0
30910,1
30911,0
30912,1
30913,1
30914,0
30915,1
30916,1
30917,1
30918,1
30919,1
30920,1
30921,1
30922,0
30923,0
30924,1
30925,1
30926,1
30927,1
30928,0
30929,1
30930,0
30931,1
30932,1
30933,1
30934,1
30935,0
30936,1
30937,0
30938,0
30939,0
30940,0
30941,1
30942,0
30943,0
30944,0
30945,1
30946,0
30947,0
30948,0
30949,1
30950,0
30951,1
30952,1
30953,1
30954,1
30955,0
30956,1
30957,1
30958,0
30959,0
30960,1
30961,1
30962,0
30963,1
30964,1
30965,1
30966,1
30967,1
30968,1
30969,1
30970,1
30971,0
30972,1
30973,1
30974,1
30975,1
30976,0
30977,0
30978,1
30979,0
30980,0
30981,1
30982,0
30983,1
30984,1
30985,0
30986,1
30987,0
30988,1
30989,1
30990,1
30991,0
30992,1
30993,0
30994,0
30995,0
30996,1
30997,1
30998,0
30999,1
31000,1
31001,1
31002,0
31003,1
31004,0
31005,0
31006,1
31007,1
31008,1
31009,0
31010,0
31011,1
31012,1
31013,1
31014,0
31015,1
31016,1
31017,0
31018,1
31019,1
31020,1
31021,1
31022,0
31023,1
31024,1
31025,0
31026,0
31027,1
31028,0
31029,0
31030,1
31031,1
31032,1
31033,1
31034,1
31035,0
31036,1
31037,0
31038,1
31039,0
31040,1
31041,1
31042,0
31043,0
31044,0
31045,1
31046,1
31047,1
31048,1
31049,1
31050,0
31051,0
31052,1
31053,1
31054,0
31055,0
31056,1
31057,0
31058,0
31059,1
31060,1
31061,1
31062,0
31063,1
31064,0
31065,0
31066,1
31067,0
31068,1
31069,0
31070,1
31071,0
31072,1
31073,1
31074,1
31075,1
31076,0
31077,1
31078,1
31079,0
31080,1
31081,1
31082,0
31083,1
31084,1
31085,1
31086,1
31087,0
31088,0
31089,1
31090,0
31091,1
31092,1
31093,1
31094,0
31095,1
31096,1
31097,1
31098,1
31099,1
31100,1
31101,0
31102,1
31103,1
31104,1
31105,0
31106,0
31107,0
31108,1
31109,1
31110,0
31111,0
31112,0
31113,1
31114,0
31115,0
31116,0
31117,1
31118,0
31119,0
31120,1
31121,1
31122,1
31123,1
31124,1
31125,0
31126,1
31127,1
31128,1
31129,1
31130,0
31131,1
31132,0
31133,1
31134,1
31135,0
31136,1
31137,1
31138,1
31139,1
31140,0
31141,0
31142,0
31143,0
31144,1
31145,1
31146,1
31147,0
31148,1
31149,1
31150,1
31151,1
31152,0
31153,0
31154,0
31155,0
31156,1
31157,0
31158,0
31159,1
31160,1
31161,1
31162,1
31163,1
31164,1
31165,0
31166,1
31167,0
31168,0
31169,0
31170,0
31171,1
31172,0
31173,1
31174,1
31175,1
31176,1
31177,0
31178,0
31179,1
31180,1
31181,1
31182,0
31183,1
31184,1
31185,0
31186,1
31187,0
31188,1
31189,1
31190,1
31191,1
31192,1
31193,1
31194,1
31195,0
31196,0
31197,1
31198,1
31199,1
31200,1
31201,0
31202,0
31203,0
31204,0
31205,0
31206,0
31207,1
31208,0
31209,0
31210,1
31211,1
31212,0
31213,1
31214,1
31215,1
31216,1
31217,1
31218,1
31219,0
31220,0
31221,0
31222,1
31223,0
31224,1
31225,1
31226,0
31227,0
31228,0
31229,1
31230,1
31231,0
31232,1
31233,0
31234,0
31235,0
31236,1
31237,0
31238,1
31239,0
31240,1
31241,1
31242,1
31243,0
31244,0
31245,1
31246,0
31247,1
31248,1
31249,1
31250,1
31251,0
31252,0
31253,1
31254,0
31255,0
31256,0
31257,0
31258,1
31259,1
31260,1
31261,0
31262,1
31263,0
31264,0
31265,1
31266,0
31267,0
31268,1
31269,0
31270,1
31271,1
31272,1
31273,0
31274,0
31275,0
31276,0
31277,0
31278,0
31279,0
31280,1
31281,1
31282,1
31283,0
31284,1
31285,1
31286,0
31287,1
31288,0
31289,1
31290,0
31291,0
31292,1
31293,0
31294,0
31295,0
31296,1
31297,0
31298,0
31299,0
31300,1
31301,0
31302,0
31303,0
31304,0
31305,0
31306,1
31307,1
31308,0
31309,0
31310,1
31311,0
31312,1
31313,1
31314,0
31315,1
31316,0
31317,1
31318,1
31319,1
31320,1
31321,1
31322,0
31323,0
31324,1
31325,0
31326,0
31327,0
31328,1
31329,1
31330,0
31331,0
31332,1
31333,1
31334,0
31335,1
31336,1
31337,0
31338,0
31339,1
31340,0
31341,0
31342,1
31343,1
31344,0
31345,1
31346,1
31347,1
31348,0
31349,0
31350,0
31351,1
31352,1
31353,0
31354,1
31355,0
31356,1
31357,1
31358,1
31359,1
31360,1
31361,0
31362,0
31363,0
31364,1
31365,0
31366,1
31367,0
31368,0
31369,1
31370,1
31371,0
31372,0
31373,1
31374,1
31375,1
31376,1
31377,1
31378,0
31379,0
31380,0
31381,1
31382,1
31383,1
31384,1
31385,0
31386,0
31387,0
31388,1
31389,1
31390,0
31391,0
31392,1
31393,0
31394,0
31395,0
31396,0
31397,0
31398,0
31399,0
31400,1
31401,1
31402,0
31403,0
31404,1
31405,1
31406,0
31407,0
31408,1
31409,0
31410,0
31411,1
31412,1
31413,1
31414,1
31415,0
31416,1
31417,0
31418,1
31419,0
31420,0
31421,1
31422,1
31423,0
31424,0
31425,1
31426,1
31427,0
31428,1
31429,0
31430,1
31431,0
31432,1
31433,1
31434,1
31435,1
31436,1
31437,0
31438,1
31439,1
31440,1
31441,1
31442,1
31443,0
31444,0
31445,0
31446,1
31447,1
31448,0
31449,0
31450,0
31451,0
31452,1
31453,0
31454,1
31455,0
31456,0
31457,1
31458,0
31459,1
31460,0
31461,1
31462,0
31463,1
31464,1
31465,0
31466,0
31467,0
31468,1
31469,0
31470,1
31471,0
31472,0
31473,1
31474,1
31475,1
31476,0
31477,1
31478,1
31479,0
31480,0
31481,1
31482,1
31483,1
31484,1
31485,1
31486,0
31487,1
31488,0
31489,1
31490,0
31491,0
31492,0
31493,0
31494,1
31495,0
31496,0
31497,1
31498,0
31499,1
31500,1
31501,1
31502,1
31503,1
31504,0
31505,1
31506,0
31507,1
31508,1
31509,1
31510,1
31511,1
31512,0
31513,1
31514,1
31515,1
31516,1
31517,0
31518,0
31519,1
31520,0
31521,1
31522,0
31523,1
31524,0
31525,0
31526,0
31527,0
31528,0
31529,1
31530,1
31531,1
31532,0
31533,1
31534,1
31535,0
31536,1
31537,0
31538,1
31539,1
31540,1
31541,0
31542,1
31543,0
31544,0
31545,1
31546,1
31547,0
31548,1
31549,1
31550,0
31551,1
31552,1
31553,0
31554,0
31555,0
31556,1
31557,0
31558,1
31559,0
31560,1
31561,1
31562,0
31563,0
31564,1
31565,1
31566,0
31567,1
31568,0
31569,0
31570,0
31571,1
31572,1
31573,1
31574,1
31575,0
31576,0
31577,1
31578,1
31579,1
31580,1
31581,1
31582,1
31583,1
31584,1
31585,0
31586,0
31587,0
31588,1
31589,0
31590,1
31591,1
31592,1
31593,0
31594,1
31595,1
31596,1
31597,1
31598,0
31599,0
31600,1
31601,1
31602,1
31603,1
31604,1
31605,1
31606,0
31607,0
31608,0
31609,1
31610,1
31611,1
31612,0
31613,1
31614,0
31615,0
31616,1
31617,1
31618,1
31619,1
31620,0
31621,0
31622,0
31623,1
31624,0
31625,1
31626,1
31627,1
31628,1
31629,0
31630,1
31631,1
31632,0
31633,1
31634,1
31635,0
31636,1
31637,1
31638,1
31639,1
31640,1
31641,0
31642,1
31643,0
31644,0
31645,0
31646,0
31647,0
31648,0
31649,1
31650,1
31651,0
31652,0
31653,0
31654,0
31655,1
31656,1
31657,1
31658,0
31659,0
31660,0
31661,0
31662,0
31663,1
31664,1
31665,1
31666,0
31667,1
31668,0
31669,1
31670,1
31671,0
31672,1
31673,1
31674,1
31675,1
31676,1
31677,1
31678,1
31679,1
31680,1
31681,1
31682,1
31683,1
31684,0
31685,0
31686,1
31687,1
31688,1
31689,0
31690,1
31691,1
31692,0
31693,0
31694,1
31695,0
31696,0
31697,1
31698,1
31699,1
31700,0
31701,0
31702,1
31703,1
31704,0
31705,0
31706,1
31707,1
31708,1
31709,1
31710,1
31711,1
31712,0
31713,0
31714,1
31715,0
31716,0
31717,1
31718,1
31719,1
31720,1
31721,1
31722,0
31723,0
31724,1
31725,0
31726,0
31727,1
31728,1
31729,1
31730,1
31731,1
31732,0
31733,0
31734,0
31735,1
31736,1
31737,0
31738,1
31739,0
31740,1
31741,1
31742,1
31743,1
31744,1
31745,1
31746,0
31747,1
31748,1
31749,1
31750,0
31751,1
31752,1
31753,0
31754,0
31755,0
31756,1
31757,0
31758,1
31759,1
31760,1
31761,0
31762,1
31763,1
31764,1
31765,0
31766,1
31767,1
31768,1
31769,1
31770,1
31771,1
31772,0
31773,0
31774,0
31775,1
31776,0
31777,0
31778,1
31779,1
31780,1
31781,1
31782,0
31783,0
31784,1
31785,1
31786,0
31787,1
31788,0
31789,0
31790,0
31791,1
31792,0
31793,1
31794,0
31795,1
31796,1
31797,0
31798,1
31799,0
31800,0
31801,1
31802,1
31803,1
31804,0
31805,0
31806,1
31807,1
31808,1
31809,1
31810,1
31811,0
31812,0
31813,0
31814,1
31815,1
31816,0
31817,0
31818,0
31819,1
31820,0
31821,1
31822,0
31823,1
31824,0
31825,0
31826,1
31827,0
31828,1
31829,1
31830,0
31831,0
31832,0
31833,0
31834,1
31835,1
31836,0
31837,1
31838,0
31839,1
31840,0
31841,0
31842,0
31843,0
31844,0
31845,1
31846,1
31847,1
31848,0
31849,0
31850,1
31851,0
31852,1
31853,1
31854,1
31855,1
31856,0
31857,1
31858,1
31859,1
31860,0
31861,1
31862,1
31863,0
31864,1
31865,1
31866,1
31867,1
31868,0
31869,1
31870,1
31871,1
31872,1
31873,0
31874,1
31875,1
31876,1
31877,0
31878,1
31879,1
31880,1
31881,1
31882,0
31883,1
31884,1
31885,0
31886,0
31887,1
31888,1
31889,1
31890,1
31891,0
31892,1
31893,1
31894,1
31895,1
31896,1
31897,1
31898,0
31899,0
31900,1
31901,0
31902,1
31903,0
31904,0
31905,0
31906,1
31907,0
31908,0
31909,1
31910,1
31911,1
31912,0
31913,0
31914,1
31915,1
31916,0
31917,1
31918,1
31919,1
31920,0
31921,0
31922,1
31923,1
31924,1
31925,1
31926,1
31927,1
31928,1
31929,0
31930,0
31931,0
31932,1
31933,1
31934,0
31935,1
31936,1
31937,1
31938,1
31939,1
31940,0
31941,1
31942,1
31943,1
31944,1
31945,1
31946,0
31947,1
31948,0
31949,0
31950,0
31951,1
31952,1
31953,1
31954,1
31955,0
31956,1
31957,1
31958,1
31959,1
31960,0
31961,0
31962,1
31963,1
31964,0
31965,1
31966,0
31967,1
31968,1
31969,0
31970,1
31971,0
31972,1
31973,0
31974,1
31975,1
31976,0
31977,1
31978,1
31979,1
31980,1
31981,1
31982,0
31983,1
31984,0
31985,1
31986,0
31987,1
31988,1
31989,1
31990,0
31991,1
31992,0
31993,1
31994,1
31995,1
31996,1
31997,1
31998,0
31999,0
32000,1
32001,1
32002,1
32003,1
32004,1
32005,0
32006,1
32007,0
32008,0
32009,1
32010,0
32011,0
32012,1
32013,0
32014,0
32015,1
32016,0
32017,0
32018,1
32019,1
32020,1
32021,1
32022,0
32023,0
32024,0
32025,0
32026,0
32027,1
32028,1
32029,0
32030,1
32031,0
32032,0
32033,1
32034,0
32035,0
32036,0
32037,0
32038,0
32039,1
32040,0
32041,0
32042,0
32043,1
32044,1
32045,1
32046,1
32047,1
32048,1
32049,1
32050,1
32051,1
32052,1
32053,0
32054,0
32055,1
32056,1
32057,1
32058,0
32059,0
32060,1
32061,0
32062,1
32063,0
32064,1
32065,1
32066,0
32067,1
32068,1
32069,1
32070,0
32071,0
32072,1
32073,1
32074,1
32075,0
32076,1
32077,1
32078,1
32079,1
32080,1
32081,0
32082,0
32083,0
32084,0
32085,1
32086,0
32087,0
32088,0
32089,0
32090,0
32091,0
32092,0
32093,0
32094,1
32095,1
32096,0
32097,1
32098,1
32099,1
32100,1
32101,0
32102,0
32103,1
32104,1
32105,1
32106,1
32107,0
32108,0
32109,1
32110,0
32111,0
32112,0
32113,0
32114,1
32115,1
32116,0
32117,0
32118,1
32119,0
32120,1
32121,1
32122,1
32123,0
32124,0
32125,0
32126,1
32127,0
32128,0
32129,1
32130,1
32131,1
32132,1
32133,0
32134,0
32135,0
32136,0
32137,1
32138,1
32139,1
32140,1
32141,1
32142,0
32143,1
32144,0
32145,1
32146,1
32147,1
32148,0
32149,1
32150,0
32151,0
32152,1
32153,0
32154,1
32155,0
32156,0
32157,0
32158,1
32159,1
32160,0
32161,0
32162,1
32163,0
32164,1
32165,0
32166,1
32167,1
32168,1
32169,1
32170,0
32171,1
32172,0
32173,1
32174,1
32175,0
32176,0
32177,0
32178,0
32179,1
32180,0
32181,0
32182,0
32183,1
32184,0
32185,1
32186,0
32187,0
32188,0
32189,1
32190,0
32191,0
32192,1
32193,1
32194,0
32195,1
32196,1
32197,0
32198,0
32199,0
32200,0
32201,1
32202,1
32203,1
32204,1
32205,0
32206,1
32207,0
32208,1
32209,1
32210,0
32211,0
32212,1
32213,1
32214,1
32215,0
32216,0
32217,1
32218,0
32219,1
32220,1
32221,1
32222,0
32223,1
32224,0
32225,0
32226,0
32227,0
32228,1
32229,0
32230,1
32231,1
32232,1
32233,1
32234,1
32235,0
32236,0
32237,0
32238,1
32239,1
32240,0
32241,0
32242,0
32243,1
32244,0
32245,1
32246,0
32247,1
32248,1
32249,1
32250,0
32251,0
32252,1
32253,1
32254,0
32255,0
32256,0
32257,1
32258,0
32259,1
32260,0
32261,1
32262,1
32263,1
32264,1
32265,0
32266,1
32267,1
32268,1
32269,0
32270,0
32271,0
32272,1
32273,1
32274,1
32275,1
32276,1
32277,0
32278,0
32279,0
32280,0
32281,0
32282,1
32283,0
32284,1
32285,0
32286,0
32287,1
32288,1
32289,1
32290,0
32291,1
32292,1
32293,0
32294,1
32295,0
32296,0
32297,1
32298,0
32299,1
32300,1
32301,1
32302,0
32303,1
32304,0
32305,1
32306,1
32307,1
32308,0
32309,1
32310,0
32311,0
32312,0
32313,1
32314,0
32315,1
32316,1
32317,1
32318,0
32319,1
32320,1
32321,1
32322,1
32323,0
32324,0
32325,0
32326,0
32327,0
32328,1
32329,1
32330,1
32331,1
32332,1
32333,1
32334,1
32335,1
32336,1
32337,1
32338,1
32339,0
32340,1
32341,1
32342,1
32343,1
32344,1
32345,0
32346,0
32347,1
32348,0
32349,0
32350,1
32351,0
32352,1
32353,1
32354,1
32355,1
32356,0
32357,0
32358,1
32359,1
32360,0
32361,0
32362,1
32363,0
32364,0
32365,1
32366,0
32367,0
32368,1
32369,1
32370,1
32371,1
32372,1
32373,1
32374,0
32375,1
32376,0
32377,0
32378,1
32379,0
32380,0
32381,0
32382,1
32383,0
32384,0
32385,1
32386,1
32387,0
32388,0
32389,0
32390,1
32391,0
32392,1
32393,1
32394,1
32395,0
32396,1
32397,1
32398,1
32399,0
32400,1
32401,1
32402,1
32403,0
32404,0
32405,1
32406,0
32407,1
32408,0
32409,0
32410,0
32411,1
32412,1
32413,1
32414,1
32415,0
32416,1
32417,0
32418,1
32419,1
32420,1
32421,0
32422,0
32423,0
32424,0
32425,1
32426,0
32427,1
32428,0
32429,1
32430,1
32431,0
32432,0
32433,0
32434,0
32435,0
32436,0
32437,0
32438,0
32439,1
32440,0
32441,1
32442,0
32443,1
32444,0
32445,0
32446,0
32447,1
32448,1
32449,1
32450,0
32451,1
32452,1
32453,0
32454,0
32455,1
32456,0
32457,1
32458,0
32459,1
32460,0
32461,1
32462,1
32463,1
32464,1
32465,1
32466,1
32467,0
32468,0
32469,1
32470,0
32471,1
32472,1
32473,0
32474,0
32475,1
32476,1
32477,1
32478,0
32479,0
32480,0
32481,1
32482,1
32483,1
32484,1
32485,1
32486,1
32487,0
32488,1
32489,0
32490,0
32491,0
32492,1
32493,0
32494,0
32495,0
32496,1
32497,1
32498,0
32499,0
32500,0
32501,0
32502,0
32503,0
32504,1
32505,1
32506,0
32507,0
32508,1
32509,1
32510,0
32511,1
32512,1
32513,0
32514,1
32515,0
32516,0
32517,0
32518,0
32519,1
32520,0
32521,0
32522,1
32523,1
32524,1
32525,1
32526,1
32527,0
32528,0
32529,0
32530,0
32531,1
32532,0
32533,0
32534,0
32535,1
32536,0
32537,1
32538,1
32539,1
32540,0
32541,1
32542,1
32543,0
32544,1
32545,1
32546,0
32547,1
32548,0
32549,1
32550,0
32551,0
32552,1
32553,0
32554,1
32555,1
32556,1
32557,1
32558,0
32559,1
32560,1
32561,0
32562,1
32563,0
32564,1
32565,1
32566,0
32567,0
32568,1
32569,0
32570,0
32571,1
32572,1
32573,1
32574,0
32575,0
32576,0
32577,1
32578,0
32579,1
32580,0
32581,1
32582,0
32583,1
32584,0
32585,1
32586,1
32587,0
32588,0
32589,0
32590,1
32591,0
32592,1
32593,0
32594,0
32595,1
32596,1
32597,0
32598,1
32599,0
32600,1
32601,0
32602,0
32603,0
32604,1
32605,1
32606,1
32607,1
32608,1
32609,0
32610,1
32611,1
32612,1
32613,0
32614,1
32615,0
32616,1
32617,0
32618,0
32619,0
32620,0
32621,0
32622,0
32623,1
32624,0
32625,0
32626,1
32627,1
32628,0
32629,0
32630,0
32631,1
32632,1
32633,1
32634,0
32635,1
32636,0
32637,1
32638,1
32639,1
32640,1
32641,0
32642,0
32643,0
32644,0
32645,1
32646,1
32647,1
32648,0
32649,0
32650,1
32651,1
32652,1
32653,1
32654,0
32655,0
32656,1
32657,0
32658,1
32659,0
32660,1
32661,1
32662,1
32663,0
32664,0
32665,1
32666,1
32667,1
32668,0
32669,0
32670,1
32671,1
32672,0
32673,1
32674,0
32675,0
32676,0
32677,1
32678,1
32679,0
32680,1
32681,1
32682,0
32683,0
32684,1
32685,1
32686,1
32687,0
32688,1
32689,1
32690,1
32691,0
32692,1
32693,1
32694,1
32695,0
32696,0
32697,1
32698,1
32699,0
32700,1
32701,0
32702,0
32703,0
32704,0
32705,0
32706,1
32707,1
32708,0
32709,0
32710,0
32711,1
32712,0
32713,0
32714,0
32715,0
32716,1
32717,0
32718,0
32719,0
32720,0
32721,1
32722,0
32723,1
32724,1
32725,0
32726,1
32727,0
32728,1
32729,1
32730,1
32731,1
32732,0
32733,1
32734,0
32735,0
32736,1
32737,0
32738,0
32739,1
32740,1
32741,1
32742,0
32743,0
32744,1
32745,0
32746,1
32747,1
32748,1
32749,1
32750,1
32751,0
32752,0
32753,1
32754,1
32755,1
32756,1
32757,1
32758,1
32759,0
32760,1
32761,1
32762,0
32763,0
32764,1
32765,0
32766,1
32767,1
32768,0
32769,0
32770,1
32771,0
32772,1
32773,1
32774,0
32775,0
32776,0
32777,0
32778,0
32779,0
32780,0
32781,0
32782,0
32783,1
32784,0
32785,1
32786,1
32787,0
32788,1
32789,1
32790,0
32791,0
32792,1
32793,1
32794,1
32795,1
32796,1
32797,1
32798,1
32799,1
32800,1
32801,1
32802,1
32803,0
32804,1
32805,1
32806,0
32807,1
32808,0
32809,1
32810,1
32811,0
32812,0
32813,0
32814,1
32815,0
32816,1
32817,0
32818,1
32819,0
32820,0
32821,1
32822,1
32823,0
32824,1
32825,0
32826,1
32827,1
32828,1
32829,1
32830,1
32831,0
32832,1
32833,0
32834,1
32835,1
32836,1
32837,0
32838,0
32839,0
32840,0
32841,1
32842,1
32843,0
32844,0
32845,1
32846,0
32847,1
32848,0
32849,1
32850,1
32851,1
32852,1
32853,1
32854,1
32855,1
32856,1
32857,0
32858,1
32859,0
32860,1
32861,1
32862,1
32863,0
32864,1
32865,1
32866,0
32867,1
32868,1
32869,1
32870,1
32871,1
32872,0
32873,1
32874,1
32875,0
32876,0
32877,1
32878,1
32879,1
32880,0
32881,0
32882,0
32883,1
32884,0
32885,0
32886,0
32887,1
32888,1
32889,0
32890,1
32891,0
32892,0
32893,1
32894,1
32895,0
32896,1
32897,1
32898,1
32899,0
32900,0
32901,1
32902,0
32903,0
32904,1
32905,1
32906,1
32907,0
32908,0
32909,1
32910,1
32911,0
32912,0
32913,0
32914,0
32915,0
32916,1
32917,1
32918,0
32919,1
32920,0
32921,1
32922,1
32923,1
32924,1
32925,1
32926,1
32927,1
32928,1
32929,1
32930,1
32931,1
32932,0
32933,1
32934,0
32935,0
32936,1
32937,0
32938,1
32939,0
32940,1
32941,1
32942,0
32943,1
32944,1
32945,0
32946,1
32947,1
32948,1
32949,0
32950,1
32951,1
32952,1
32953,1
32954,1
32955,1
32956,0
32957,0
32958,1
32959,1
32960,1
32961,0
32962,0
32963,1
32964,1
32965,1
32966,1
32967,0
32968,1
32969,0
32970,1
32971,1
32972,1
32973,1
32974,0
32975,0
32976,0
32977,1
32978,0
32979,0
32980,1
32981,0
32982,1
32983,1
32984,0
32985,1
32986,1
32987,1
32988,0
32989,0
32990,0
32991,0
32992,1
32993,1
32994,1
32995,0
32996,0
32997,0
32998,0
32999,1
33000,1
33001,1
33002,1
33003,1
33004,0
33005,1
33006,1
33007,0
33008,1
33009,0
33010,1
33011,0
33012,1
33013,1
33014,1
33015,1
33016,0
33017,0
33018,0
33019,0
33020,0
33021,1
33022,1
33023,1
33024,0
33025,0
33026,0
33027,0
33028,1
33029,1
33030,0
33031,1
33032,1
33033,1
33034,1
33035,0
33036,1
33037,0
33038,0
33039,0
33040,1
33041,0
33042,0
33043,0
33044,0
33045,0
33046,0
33047,0
33048,1
33049,0
33050,0
33051,1
33052,1
33053,1
33054,1
33055,0
33056,1
33057,1
33058,1
33059,1
33060,0
33061,1
33062,1
33063,0
33064,1
33065,1
33066,1
33067,0
33068,1
33069,1
33070,1
33071,0
33072,0
33073,1
33074,0
33075,0
33076,0
33077,1
33078,0
33079,0
33080,0
33081,0
33082,1
33083,1
33084,0
33085,0
33086,0
33087,1
33088,0
33089,1
33090,0
33091,0
33092,0
33093,1
33094,0
33095,0
33096,1
33097,1
33098,0
33099,1
33100,0
33101,1
33102,0
33103,1
33104,0
33105,0
33106,0
33107,0
33108,0
33109,0
33110,1
33111,1
33112,0
33113,0
33114,1
33115,1
33116,0
33117,1
33118,1
33119,1
33120,0
33121,1
33122,1
33123,1
33124,1
33125,0
33126,1
33127,0
33128,1
33129,0
33130,0
33131,1
33132,0
33133,0
33134,0
33135,1
33136,1
33137,0
33138,1
33139,1
33140,1
33141,0
33142,0
33143,0
33144,1
33145,1
33146,0
33147,1
33148,0
33149,1
33150,0
33151,0
33152,1
33153,1
33154,0
33155,0
33156,0
33157,0
33158,1
33159,1
33160,1
33161,0
33162,0
33163,0
33164,0
33165,0
33166,0
33167,0
33168,0
33169,0
33170,1
33171,1
33172,0
33173,0
33174,1
33175,0
33176,1
33177,1
33178,0
33179,1
33180,1
33181,1
33182,0
33183,0
33184,1
33185,1
33186,0
33187,1
33188,0
33189,1
33190,0
33191,0
33192,1
33193,1
33194,0
33195,0
33196,1
33197,0
33198,1
33199,1
33200,1
33201,1
33202,1
33203,1
33204,0
33205,0
33206,1
33207,1
33208,1
33209,1
33210,1
33211,1
33212,0
33213,1
33214,1
33215,1
33216,0
33217,0
33218,1
33219,0
33220,0
33221,0
33222,1
33223,0
33224,0
33225,1
33226,1
33227,0
33228,1
33229,0
33230,0
33231,1
33232,1
33233,0
33234,1
33235,1
33236,1
33237,1
33238,1
33239,0
33240,1
33241,0
33242,0
33243,1
33244,1
33245,0
33246,1
33247,1
33248,1
33249,1
33250,0
33251,1
33252,1
33253,0
33254,0
33255,0
33256,0
33257,0
33258,1
33259,0
33260,1
33261,1
33262,1
33263,1
33264,1
33265,1
33266,0
33267,1
33268,0
33269,0
33270,0
33271,1
33272,1
33273,1
33274,1
33275,0
33276,1
33277,0
33278,1
33279,0
33280,0
33281,0
33282,0
33283,0
33284,0
33285,0
33286,1
33287,1
33288,1
33289,1
33290,1
33291,0
33292,1
33293,1
33294,1
33295,1
33296,0
33297,1
33298,0
33299,0
33300,1
33301,1
33302,0
33303,1
33304,0
33305,1
33306,1
33307,0
33308,1
33309,0
33310,1
33311,1
33312,0
33313,0
33314,0
33315,0
33316,0
33317,0
33318,1
33319,0
33320,1
33321,0
33322,0
33323,1
33324,0
33325,1
33326,1
33327,1
33328,1
33329,1
33330,1
33331,0
33332,0
33333,1
33334,0
33335,1
33336,0
33337,0
33338,0
33339,1
33340,1
33341,1
33342,1
33343,0
33344,0
33345,1
33346,0
33347,1
33348,0
33349,1
33350,1
33351,1
33352,1
33353,0
33354,1
33355,1
33356,1
33357,0
33358,0
33359,1
33360,0
33361,1
33362,1
33363,0
33364,0
33365,1
33366,0
33367,0
33368,1
33369,0
33370,1
33371,0
33372,0
33373,0
33374,0
33375,1
33376,1
33377,0
33378,0
33379,1
33380,1
33381,1
33382,0
33383,1
33384,0
33385,0
33386,1
33387,0
33388,1
33389,1
33390,1
33391,1
33392,1
33393,1
33394,1
33395,1
33396,0
33397,0
33398,1
33399,1
33400,0
33401,1
33402,1
33403,1
33404,0
33405,0
33406,1
33407,1
33408,0
33409,0
33410,0
33411,0
33412,0
33413,1
33414,0
33415,0
33416,0
33417,0
33418,0
33419,1
33420,1
33421,1
33422,1
33423,0
33424,0
33425,1
33426,0
33427,0
33428,0
33429,0
33430,1
33431,1
33432,0
33433,1
33434,1
33435,0
33436,0
33437,1
33438,1
33439,1
33440,0
33441,1
33442,1
33443,0
33444,1
33445,1
33446,1
33447,1
33448,1
33449,1
33450,1
33451,1
33452,0
33453,1
33454,1
33455,0
33456,0
33457,0
33458,1
33459,1
33460,0
33461,0
33462,0
33463,1
33464,1
33465,1
33466,1
33467,0
33468,1
33469,0
33470,0
33471,0
33472,0
33473,0
33474,1
33475,1
33476,1
33477,1
33478,1
33479,0
33480,1
33481,1
33482,1
33483,1
33484,0
33485,1
33486,1
33487,1
33488,1
33489,1
33490,1
33491,1
33492,0
33493,1
33494,0
33495,1
33496,1
33497,1
33498,1
33499,1
33500,1
33501,1
33502,1
33503,0
33504,0
33505,1
33506,0
33507,0
33508,1
33509,1
33510,1
33511,1
33512,1
33513,1
33514,0
33515,0
33516,0
33517,0
33518,0
33519,1
33520,1
33521,0
33522,1
33523,0
33524,1
33525,1
33526,0
33527,1
33528,1
33529,0
33530,0
33531,1
33532,1
33533,1
33534,1
33535,1
33536,1
33537,1
33538,1
33539,0
33540,1
33541,1
33542,0
33543,1
33544,0
33545,0
33546,1
33547,1
33548,1
33549,0
33550,0
33551,0
33552,1
33553,1
33554,1
33555,0
33556,1
33557,1
33558,1
33559,0
33560,1
33561,0
33562,1
33563,1
33564,1
33565,1
33566,1
33567,0
33568,0
33569,1
33570,0
33571,0
33572,1
33573,0
33574,0
33575,1
33576,0
33577,0
33578,0
33579,1
33580,1
33581,0
33582,1
33583,0
33584,0
33585,0
33586,1
33587,1
33588,1
33589,1
33590,1
33591,1
33592,0
33593,1
33594,1
33595,1
33596,0
33597,1
33598,0
33599,0
33600,1
33601,1
33602,0
33603,1
33604,0
33605,1
33606,1
33607,1
33608,1
33609,1
33610,0
33611,1
33612,1
33613,0
33614,0
33615,0
33616,0
33617,1
33618,1
33619,1
33620,1
33621,1
33622,1
33623,1
33624,1
33625,1
33626,1
33627,1
33628,1
33629,1
33630,0
33631,1
33632,0
33633,1
33634,0
33635,1
33636,0
33637,0
33638,0
33639,0
33640,0
33641,0
33642,0
33643,0
33644,0
33645,1
33646,1
33647,1
33648,1
33649,1
33650,0
33651,0
33652,0
33653,0
33654,0
33655,1
33656,0
33657,0
33658,0
33659,1
33660,0
33661,0
33662,1
33663,1
33664,1
33665,0
33666,1
33667,0
33668,0
33669,1
33670,1
33671,1
33672,1
33673,0
33674,1
33675,1
33676,0
33677,0
33678,0
33679,1
33680,1
33681,1
33682,1
33683,1
33684,1
33685,1
33686,0
33687,1
33688,1
33689,1
33690,1
33691,0
33692,1
33693,0
33694,0
33695,0
33696,1
33697,0
33698,0
33699,1
33700,0
33701,0
33702,1
33703,0
33704,1
33705,1
33706,1
33707,0
33708,1
33709,1
33710,0
33711,0
33712,1
33713,1
33714,0
33715,0
33716,1
33717,0
33718,1
33719,1
33720,1
33721,1
33722,0
33723,1
33724,0
33725,0
33726,0
33727,0
33728,1
33729,0
33730,0
33731,0
33732,0
33733,0
33734,1
33735,0
33736,0
33737,0
33738,1
33739,1
33740,1
33741,0
33742,1
33743,0
33744,1
33745,1
33746,1
33747,1
33748,1
33749,1
33750,0
33751,1
33752,1
33753,1
33754,0
33755,0
33756,1
33757,1
33758,0
33759,1
33760,1
33761,0
33762,0
33763,1
33764,1
33765,1
33766,1
33767,0
33768,1
33769,0
33770,1
33771,0
33772,0
33773,0
33774,0
33775,0
33776,1
33777,1
33778,1
33779,1
33780,1
33781,1
33782,0
33783,1
33784,0
33785,1
33786,1
33787,0
33788,1
33789,1
33790,0
33791,0
33792,1
33793,1
33794,0
33795,1
33796,1
33797,1
33798,0
33799,0
33800,1
33801,1
33802,1
33803,0
33804,1
33805,1
33806,1
33807,1
33808,0
33809,0
33810,1
33811,0
33812,0
33813,1
33814,1
33815,0
33816,0
33817,1
33818,0
33819,0
33820,1
33821,1
33822,1
33823,1
33824,0
33825,1
33826,1
33827,1
33828,1
33829,1
33830,0
33831,1
33832,1
33833,1
33834,1
33835,1
33836,1
33837,1
33838,1
33839,0
33840,0
33841,0
33842,1
33843,0
33844,1
33845,1
33846,1
33847,1
33848,1
33849,1
33850,1
33851,0
33852,1
33853,0
33854,1
33855,0
33856,0
33857,1
33858,1
33859,1
33860,0
33861,0
33862,0
33863,0
33864,0
33865,1
33866,0
33867,1
33868,1
33869,1
33870,1
33871,0
33872,0
33873,1
33874,0
33875,0
33876,0
33877,0
33878,1
33879,1
33880,1
33881,0
33882,1
33883,0
33884,0
33885,0
33886,1
33887,0
33888,1
33889,1
33890,1
33891,1
33892,0
33893,0
33894,1
33895,1
33896,1
33897,0
33898,1
33899,1
33900,1
33901,0
33902,1
33903,0
33904,0
33905,1
33906,0
33907,1
33908,0
33909,1
33910,0
33911,1
33912,1
33913,1
33914,1
33915,1
33916,0
33917,0
33918,0
33919,0
33920,0
33921,1
33922,1
33923,1
33924,0
33925,1
33926,1
33927,1
33928,1
33929,1
33930,0
33931,0
33932,0
33933,1
33934,0
33935,0
33936,0
33937,1
33938,0
33939,0
33940,1
33941,1
33942,1
33943,0
33944,0
33945,1
33946,1
33947,1
33948,1
33949,1
33950,1
33951,1
33952,0
33953,0
33954,1
33955,0
33956,1
33957,0
33958,1
33959,0
33960,1
33961,0
33962,1
33963,1
33964,1
33965,0
33966,0
33967,0
33968,0
33969,1
33970,0
33971,1
33972,1
33973,1
33974,1
33975,1
33976,1
33977,0
33978,1
33979,1
33980,0
33981,0
33982,0
33983,0
33984,1
33985,0
33986,1
33987,0
33988,0
33989,0
33990,0
33991,0
33992,1
33993,0
33994,0
33995,1
33996,1
33997,0
33998,1
33999,0
34000,1
34001,1
34002,1
34003,1
34004,1
34005,0
34006,1
34007,0
34008,1
34009,0
34010,1
34011,1
34012,1
34013,0
34014,1
34015,1
34016,1
34017,0
34018,0
34019,0
34020,0
34021,1
34022,0
34023,1
34024,1
34025,1
34026,0
34027,0
34028,0
34029,1
34030,0
34031,0
34032,0
34033,0
34034,0
34035,0
34036,0
34037,1
34038,0
34039,0
34040,1
34041,1
34042,1
34043,0
34044,0
34045,1
34046,1
34047,0
34048,1
34049,0
34050,0
34051,0
34052,0
34053,1
34054,0
34055,1
34056,1
34057,1
34058,1
34059,0
34060,1
34061,0
34062,1
34063,1
34064,0
34065,0
34066,1
34067,1
34068,0
34069,0
34070,0
34071,0
34072,1
34073,0
34074,0
34075,0
34076,0
34077,0
34078,1
34079,1
34080,0
34081,0
34082,0
34083,1
34084,1
34085,0
34086,1
34087,0
34088,0
34089,0
34090,0
34091,1
34092,0
34093,0
34094,1
34095,1
34096,1
34097,0
34098,0
34099,0
34100,1
34101,1
34102,1
34103,0
34104,0
34105,0
34106,1
34107,0
34108,1
34109,1
34110,1
34111,0
34112,0
34113,0
34114,0
34115,0
34116,0
34117,0
34118,0
34119,0
34120,1
34121,0
34122,0
34123,0
34124,0
34125,1
34126,1
34127,1
34128,1
34129,1
34130,0
34131,1
34132,0
34133,1
34134,1
34135,1
34136,0
34137,1
34138,0
34139,1
34140,1
34141,0
34142,1
34143,1
34144,0
34145,1
34146,1
34147,1
34148,0
34149,0
34150,0
34151,0
34152,0
34153,0
34154,0
34155,1
34156,0
34157,0
34158,0
34159,0
34160,1
34161,1
34162,0
34163,0
34164,1
34165,1
34166,0
34167,0
34168,1
34169,1
34170,0
34171,1
34172,0
34173,0
34174,0
34175,0
34176,0
34177,0
34178,0
34179,1
34180,0
34181,1
34182,1
34183,0
34184,1
34185,0
34186,0
34187,0
34188,0
34189,1
34190,1
34191,1
34192,1
34193,0
34194,1
34195,1
34196,0
34197,1
34198,1
34199,1
34200,1
34201,1
34202,1
34203,1
34204,1
34205,1
34206,1
34207,1
34208,0
34209,1
34210,1
34211,1
34212,0
34213,0
34214,0
34215,1
34216,1
34217,1
34218,0
34219,0
34220,0
34221,0
34222,1
34223,0
34224,0
34225,1
34226,0
34227,0
34228,0
34229,0
34230,1
34231,0
34232,0
34233,0
34234,1
34235,0
34236,0
34237,1
34238,1
34239,1
34240,0
34241,0
34242,1
34243,0
34244,0
34245,1
34246,1
34247,1
34248,1
34249,0
34250,0
34251,0
34252,1
34253,0
34254,1
34255,1
34256,0
34257,0
34258,1
34259,1
34260,1
34261,1
34262,1
34263,0
34264,1
34265,1
34266,0
34267,0
34268,1
34269,0
34270,0
34271,0
34272,1
34273,1
34274,1
34275,1
34276,1
34277,1
34278,0
34279,0
34280,1
34281,1
34282,0
34283,0
34284,1
34285,0
34286,1
34287,0
34288,0
34289,1
34290,1
34291,0
34292,1
34293,1
34294,0
34295,0
34296,1
34297,0
34298,1
34299,1
34300,1
34301,1
34302,1
34303,0
34304,1
34305,0
34306,0
34307,1
34308,0
34309,1
34310,1
34311,1
34312,1
34313,1
34314,1
34315,0
34316,0
34317,1
34318,1
34319,1
34320,1
34321,0
34322,0
34323,1
34324,0
34325,1
34326,1
34327,1
34328,0
34329,1
34330,0
34331,1
34332,1
34333,0
34334,1
34335,1
34336,0
34337,0
34338,1
34339,0
34340,1
34341,0
34342,1
34343,0
34344,1
34345,0
34346,1
34347,1
34348,0
34349,1
34350,0
34351,1
34352,0
34353,1
34354,1
34355,1
34356,1
34357,1
34358,0
34359,1
34360,1
34361,0
34362,1
34363,0
34364,0
34365,0
34366,1
34367,1
34368,1
34369,0
34370,1
34371,0
34372,1
34373,0
34374,1
34375,1
34376,1
34377,0
34378,0
34379,0
34380,0
34381,1
34382,1
34383,0
34384,1
34385,1
34386,0
34387,0
34388,0
34389,0
34390,1
34391,0
34392,1
34393,1
34394,1
34395,1
34396,1
34397,0
34398,1
34399,0
34400,0
34401,0
34402,1
34403,0
34404,0
34405,1
34406,1
34407,1
34408,0
34409,0
34410,1
34411,0
34412,0
34413,0
34414,0
34415,1
34416,1
34417,0
34418,1
34419,1
34420,0
34421,0
34422,0
34423,0
34424,1
34425,0
34426,1
34427,0
34428,1
34429,0
34430,0
34431,0
34432,0
34433,0
34434,1
34435,1
34436,1
34437,1
34438,1
34439,0
34440,0
34441,1
34442,0
34443,1
34444,1
34445,0
34446,0
34447,1
34448,1
34449,1
34450,0
34451,0
34452,1
34453,0
34454,1
34455,1
34456,1
34457,0
34458,1
34459,1
34460,0
34461,1
34462,0
34463,1
34464,0
34465,1
34466,0
34467,1
34468,1
34469,1
34470,0
34471,0
34472,1
34473,0
34474,1
34475,1
34476,1
34477,1
34478,0
34479,1
34480,0
34481,1
34482,1
34483,0
34484,1
34485,0
34486,0
34487,1
34488,0
34489,0
34490,0
34491,1
34492,0
34493,1
34494,0
34495,0
34496,1
34497,0
34498,1
34499,1
34500,1
34501,0
34502,0
34503,1
34504,0
34505,1
34506,1
34507,1
34508,0
34509,1
34510,1
34511,1
34512,0
34513,1
34514,0
34515,0
34516,1
34517,1
34518,0
34519,0
34520,1
34521,0
34522,0
34523,1
34524,0
34525,1
34526,1
34527,1
34528,0
34529,1
34530,0
34531,1
34532,1
34533,0
34534,1
34535,0
34536,1
34537,1
34538,0
34539,1
34540,1
34541,1
34542,1
34543,1
34544,0
34545,1
34546,0
34547,1
34548,1
34549,1
34550,1
34551,0
34552,1
34553,1
34554,0
34555,1
34556,1
34557,0
34558,1
34559,1
34560,0
34561,1
34562,0
34563,1
34564,0
34565,0
34566,1
34567,0
34568,1
34569,1
34570,0
34571,0
34572,0
34573,0
34574,1
34575,0
34576,0
34577,0
34578,1
34579,1
34580,0
34581,0
34582,1
34583,1
34584,1
34585,0
34586,0
34587,1
34588,1
34589,0
34590,0
34591,1
34592,0
34593,0
34594,1
34595,0
34596,0
34597,1
34598,0
34599,0
34600,0
34601,0
34602,1
34603,0
34604,1
34605,0
34606,0
34607,0
34608,0
34609,1
34610,1
34611,1
34612,1
34613,1
34614,1
34615,0
34616,0
34617,1
34618,0
34619,0
34620,1
34621,1
34622,1
34623,0
34624,1
34625,1
34626,1
34627,1
34628,0
34629,0
34630,1
34631,0
34632,1
34633,1
34634,1
34635,1
34636,1
34637,1
34638,1
34639,0
34640,0
34641,1
34642,1
34643,0
34644,0
34645,0
34646,1
34647,1
34648,1
34649,0
34650,0
34651,1
34652,1
34653,1
34654,1
34655,1
34656,1
34657,0
34658,0
34659,1
34660,0
34661,0
34662,0
34663,1
34664,0
34665,1
34666,1
34667,1
34668,0
34669,0
34670,1
34671,1
34672,0
34673,1
34674,1
34675,1
34676,1
34677,0
34678,0
34679,1
34680,1
34681,0
34682,1
34683,1
34684,0
34685,0
34686,0
34687,0
34688,1
34689,1
34690,1
34691,0
34692,1
34693,0
34694,1
34695,1
34696,0
34697,1
34698,1
34699,1
34700,0
34701,1
34702,1
34703,0
34704,0
34705,1
34706,0
34707,1
34708,1
34709,1
34710,0
34711,0
34712,1
34713,0
34714,1
34715,0
34716,0
34717,0
34718,0
34719,1
34720,0
34721,1
34722,1
34723,1
34724,0
34725,1
34726,1
34727,1
34728,1
34729,1
34730,0
34731,1
34732,0
34733,1
34734,1
34735,1
34736,1
34737,0
34738,0
34739,1
34740,1
34741,0
34742,0
34743,0
34744,1
34745,0
34746,0
34747,0
34748,0
34749,1
34750,1
34751,1
34752,1
34753,1
34754,1
34755,1
34756,1
34757,0
34758,0
34759,0
34760,0
34761,0
34762,1
34763,0
34764,1
34765,1
34766,0
34767,1
34768,1
34769,0
34770,1
34771,1
34772,1
34773,1
34774,1
34775,1
34776,1
34777,0
34778,1
34779,1
34780,0
34781,0
34782,1
34783,0
34784,0
34785,0
34786,1
34787,1
34788,1
34789,0
34790,1
34791,0
34792,1
34793,1
34794,0
34795,0
34796,1
34797,0
34798,1
34799,0
34800,1
34801,1
34802,1
34803,1
34804,0
34805,0
34806,1
34807,0
34808,1
34809,1
34810,1
34811,0
34812,0
34813,0
34814,1
34815,1
34816,0
34817,0
34818,0
34819,0
34820,0
34821,1
34822,0
34823,1
34824,0
34825,1
34826,1
34827,1
34828,1
34829,1
34830,0
34831,0
34832,0
34833,0
34834,0
34835,1
34836,1
34837,0
34838,1
34839,1
34840,0
34841,0
34842,1
34843,0
34844,1
34845,1
34846,1
34847,0
34848,1
34849,1
34850,1
34851,0
34852,1
34853,1
34854,0
34855,0
34856,0
34857,0
34858,0
34859,0
34860,1
34861,0
34862,0
34863,1
34864,1
34865,0
34866,0
34867,1
34868,0
34869,1
34870,1
34871,0
34872,0
34873,0
34874,0
34875,0
34876,1
34877,1
34878,0
34879,0
34880,1
34881,0
34882,0
34883,0
34884,0
34885,1
34886,1
34887,0
34888,0
34889,0
34890,0
34891,1
34892,1
34893,0
34894,1
34895,0
34896,0
34897,1
34898,1
34899,1
34900,0
34901,0
34902,0
34903,1
34904,0
34905,1
34906,1
34907,0
34908,1
34909,1
34910,1
34911,1
34912,0
34913,1
34914,0
34915,1
34916,0
34917,0
34918,0
34919,0
34920,1
34921,0
34922,0
34923,1
34924,0
34925,1
34926,0
34927,0
34928,0
34929,0
34930,0
34931,0
34932,1
34933,0
34934,0
34935,1
34936,0
34937,0
34938,0
34939,1
34940,1
34941,0
34942,0
34943,1
34944,1
34945,1
34946,1
34947,0
34948,1
34949,1
34950,1
34951,1
34952,0
34953,1
34954,1
34955,0
34956,1
34957,0
34958,1
34959,1
34960,0
34961,0
34962,1
34963,1
34964,0
34965,0
34966,0
34967,0
34968,1
34969,1
34970,1
34971,1
34972,1
34973,1
34974,1
34975,1
34976,1
34977,1
34978,1
34979,1
34980,1
34981,0
34982,0
34983,0
34984,1
34985,1
34986,0
34987,0
34988,1
34989,1
34990,0
34991,0
34992,0
34993,1
34994,0
34995,1
34996,0
34997,0
34998,1
34999,0
35000,1
35001,0
35002,1
35003,1
35004,1
35005,1
35006,0
35007,1
35008,1
35009,0
35010,1
35011,0
35012,1
35013,1
35014,0
35015,0
35016,1
35017,0
35018,0
35019,0
35020,1
35021,1
35022,1
35023,0
35024,1
35025,0
35026,1
35027,0
35028,1
35029,1
35030,1
35031,0
35032,1
35033,1
35034,1
35035,1
35036,0
35037,1
35038,0
35039,1
35040,1
35041,1
35042,1
35043,0
35044,0
35045,1
35046,0
35047,1
35048,1
35049,0
35050,0
35051,1
35052,0
35053,0
35054,0
35055,0
35056,1
35057,1
35058,0
35059,1
35060,0
35061,1
35062,0
35063,0
35064,1
35065,1
35066,0
35067,1
35068,1
35069,1
35070,1
35071,1
35072,0
35073,1
35074,1
35075,1
35076,0
35077,1
35078,1
35079,0
35080,1
35081,1
35082,0
35083,0
35084,0
35085,0
35086,0
35087,1
35088,1
35089,0
35090,1
35091,0
35092,1
35093,0
35094,1
35095,0
35096,1
35097,0
35098,0
35099,0
35100,0
35101,0
35102,1
35103,1
35104,1
35105,1
35106,0
35107,1
35108,1
35109,0
35110,1
35111,0
35112,0
35113,0
35114,1
35115,0
35116,0
35117,1
35118,1
35119,0
35120,0
35121,1
35122,0
35123,0
35124,1
35125,0
35126,0
35127,0
35128,1
35129,0
35130,1
35131,0
35132,1
35133,0
35134,0
35135,0
35136,1
35137,0
35138,1
35139,1
35140,1
35141,1
35142,0
35143,1
35144,1
35145,1
35146,1
35147,0
35148,1
35149,0
35150,1
35151,0
35152,1
35153,1
35154,1
35155,1
35156,1
35157,0
35158,0
35159,0
35160,1
35161,0
35162,1
35163,0
35164,0
35165,1
35166,1
35167,1
35168,1
35169,0
35170,0
35171,0
35172,1
35173,1
35174,0
35175,1
35176,0
35177,0
35178,1
35179,0
35180,1
35181,0
35182,0
35183,0
35184,1
35185,0
35186,1
35187,0
35188,1
35189,0
35190,0
35191,1
35192,1
35193,1
35194,0
35195,0
35196,0
35197,0
35198,0
35199,1
35200,1
35201,1
35202,1
35203,1
35204,1
35205,0
35206,1
35207,1
35208,0
35209,1
35210,1
35211,1
35212,0
35213,0
35214,0
35215,1
35216,1
35217,1
35218,0
35219,0
35220,1
35221,0
35222,0
35223,0
35224,0
35225,0
35226,1
35227,0
35228,1
35229,0
35230,0
35231,1
35232,1
35233,1
35234,1
35235,1
35236,1
35237,1
35238,0
35239,1
35240,1
35241,1
35242,1
35243,1
35244,1
35245,1
35246,0
35247,1
35248,1
35249,0
35250,1
35251,0
35252,1
35253,1
35254,0
35255,0
35256,0
35257,1
35258,1
35259,1
35260,0
35261,0
35262,1
35263,1
35264,1
35265,1
35266,0
35267,1
35268,1
35269,1
35270,0
35271,1
35272,1
35273,0
35274,1
35275,0
35276,1
35277,1
35278,0
35279,0
35280,1
35281,0
35282,1
35283,1
35284,0
35285,0
35286,0
35287,0
35288,0
35289,0
35290,1
35291,1
35292,0
35293,0
35294,1
35295,1
35296,1
35297,0
35298,1
35299,1
35300,0
35301,1
35302,1
35303,0
35304,0
35305,0
35306,0
35307,0
35308,0
35309,0
35310,1
35311,1
35312,1
35313,1
35314,0
35315,1
35316,0
35317,0
35318,1
35319,0
35320,1
35321,0
35322,1
35323,0
35324,1
35325,1
35326,1
35327,0
35328,1
35329,1
35330,0
35331,0
35332,1
35333,0
35334,1
35335,1
35336,1
35337,0
35338,0
35339,0
35340,1
35341,0
35342,0
35343,1
35344,0
35345,0
35346,0
35347,1
35348,1
35349,0
35350,0
35351,1
35352,0
35353,0
35354,1
35355,1
35356,0
35357,1
35358,1
35359,1
35360,0
35361,0
35362,0
35363,1
35364,0
35365,0
35366,1
35367,0
35368,1
35369,0
35370,1
35371,0
35372,0
35373,1
35374,0
35375,1
35376,0
35377,1
35378,1
35379,1
35380,1
35381,1
35382,1
35383,0
35384,1
35385,0
35386,0
35387,0
35388,1
35389,0
35390,0
35391,1
35392,0
35393,1
35394,0
35395,0
35396,1
35397,0
35398,0
35399,1
35400,1
35401,0
35402,1
35403,1
35404,0
35405,0
35406,1
35407,1
35408,1
35409,0
35410,1
35411,1
35412,0
35413,1
35414,1
35415,1
35416,1
35417,0
35418,0
35419,1
35420,1
35421,1
35422,0
35423,1
35424,1
35425,1
35426,1
35427,0
35428,0
35429,0
35430,0
35431,0
35432,1
35433,0
35434,0
35435,1
35436,0
35437,1
35438,1
35439,1
35440,1
35441,1
35442,0
35443,1
35444,1
35445,0
35446,1
35447,0
35448,0
35449,1
35450,1
35451,1
35452,1
35453,0
35454,0
35455,1
35456,1
35457,0
35458,0
35459,1
35460,0
35461,1
35462,0
35463,1
35464,0
35465,1
35466,0
35467,0
35468,0
35469,0
35470,1
35471,0
35472,0
35473,1
35474,1
35475,1
35476,1
35477,1
35478,1
35479,0
35480,1
35481,0
35482,0
35483,0
35484,0
35485,0
35486,1
35487,1
35488,1
35489,0
35490,0
35491,1
35492,1
35493,0
35494,0
35495,0
35496,1
35497,1
35498,1
35499,0
35500,1
35501,1
35502,0
35503,0
35504,0
35505,1
35506,1
35507,1
35508,1
35509,0
35510,0
35511,1
35512,0
35513,1
35514,1
35515,1
35516,1
35517,1
35518,1
35519,0
35520,1
35521,0
35522,1
35523,1
35524,1
35525,1
35526,0
35527,1
35528,0
35529,1
35530,1
35531,0
35532,0
35533,1
35534,1
35535,1
35536,0
35537,0
35538,0
35539,0
35540,0
35541,1
35542,1
35543,0
35544,1
35545,1
35546,0
35547,0
35548,1
35549,0
35550,1
35551,1
35552,1
35553,0
35554,0
35555,1
35556,1
35557,1
35558,0
35559,0
35560,1
35561,0
35562,0
35563,0
35564,1
35565,0
35566,1
35567,1
35568,1
35569,0
35570,1
35571,1
35572,0
35573,0
35574,1
35575,1
35576,0
35577,0
35578,1
35579,0
35580,1
35581,1
35582,0
35583,1
35584,1
35585,1
35586,0
35587,0
35588,1
35589,1
35590,1
35591,1
35592,1
35593,1
35594,1
35595,0
35596,0
35597,1
35598,0
35599,0
35600,1
35601,0
35602,0
35603,1
35604,0
35605,0
35606,1
35607,1
35608,0
35609,0
35610,0
35611,0
35612,0
35613,1
35614,0
35615,1
35616,0
35617,1
35618,1
35619,1
35620,0
35621,0
35622,0
35623,1
35624,1
35625,0
35626,1
35627,0
35628,1
35629,0
35630,1
35631,1
35632,1
35633,0
35634,1
35635,1
35636,0
35637,1
35638,1
35639,1
35640,1
35641,1
35642,1
35643,0
35644,1
35645,0
35646,1
35647,1
35648,1
35649,0
35650,0
35651,1
35652,1
35653,1
35654,1
35655,0
35656,1
35657,0
35658,1
35659,1
35660,1
35661,0
35662,0
35663,0
35664,0
35665,0
35666,0
35667,0
35668,0
35669,1
35670,1
35671,0
35672,0
35673,1
35674,0
35675,1
35676,0
35677,0
35678,0
35679,0
35680,1
35681,1
35682,0
35683,0
35684,0
35685,1
35686,1
35687,1
35688,1
35689,1
35690,1
35691,0
35692,1
35693,1
35694,0
35695,1
35696,1
35697,1
35698,0
35699,0
35700,1
35701,1
35702,1
35703,1
35704,0
35705,0
35706,1
35707,1
35708,0
35709,1
35710,1
35711,1
35712,1
35713,1
35714,1
35715,0
35716,0
35717,0
35718,0
35719,1
35720,1
35721,0
35722,1
35723,0
35724,0
35725,0
35726,1
35727,1
35728,0
35729,0
35730,1
35731,1
35732,1
35733,1
35734,0
35735,1
35736,1
35737,0
35738,1
35739,0
35740,1
35741,0
35742,0
35743,1
35744,1
35745,0
35746,0
35747,0
35748,1
35749,0
35750,1
35751,1
35752,0
35753,0
35754,1
35755,0
35756,1
35757,1
35758,0
35759,1
35760,1
35761,0
35762,1
35763,1
35764,0
35765,0
35766,0
35767,0
35768,0
35769,1
35770,0
35771,1
35772,1
35773,1
35774,1
35775,1
35776,0
35777,0
35778,0
35779,0
35780,1
35781,0
35782,1
35783,0
35784,1
35785,0
35786,0
35787,0
35788,1
35789,1
35790,0
35791,1
35792,0
35793,0
35794,0
35795,1
35796,0
35797,1
35798,1
35799,1
35800,1
35801,1
35802,0
35803,1
35804,0
35805,1
35806,1
35807,1
35808,0
35809,0
35810,0
35811,1
35812,1
35813,1
35814,1
35815,1
35816,0
35817,1
35818,0
35819,1
35820,1
35821,0
35822,1
35823,1
35824,0
35825,1
35826,1
35827,1
35828,1
35829,0
35830,1
35831,1
35832,0
35833,0
35834,1
35835,1
35836,0
35837,0
35838,0
35839,1
35840,1
35841,1
35842,0
35843,1
35844,1
35845,1
35846,1
35847,1
35848,1
35849,0
35850,0
35851,0
35852,0
35853,1
35854,1
35855,1
35856,0
35857,1
35858,0
35859,1
35860,0
35861,0
35862,1
35863,0
35864,1
35865,0
35866,1
35867,1
35868,0
35869,1
35870,1
35871,0
35872,1
35873,1
35874,0
35875,0
35876,1
35877,1
35878,1
35879,0
35880,0
35881,1
35882,0
35883,1
35884,0
35885,0
35886,0
35887,1
35888,0
35889,0
35890,1
35891,0
35892,0
35893,0
35894,1
35895,0
35896,1
35897,1
35898,1
35899,1
35900,1
35901,1
35902,1
35903,1
35904,1
35905,1
35906,0
35907,0
35908,0
35909,0
35910,1
35911,0
35912,1
35913,1
35914,1
35915,0
35916,1
35917,0
35918,0
35919,1
35920,1
35921,0
35922,1
35923,0
35924,0
35925,0
35926,1
35927,1
35928,0
35929,1
35930,1
35931,1
35932,1
35933,0
35934,0
35935,1
35936,1
35937,0
35938,1
35939,1
35940,1
35941,1
35942,1
35943,0
35944,1
35945,0
35946,0
35947,0
35948,1
35949,1
35950,1
35951,1
35952,1
35953,0
35954,0
35955,0
35956,0
35957,0
35958,0
35959,1
35960,1
35961,1
35962,1
35963,1
35964,0
35965,1
35966,1
35967,1
35968,1
35969,1
35970,0
35971,0
35972,0
35973,1
35974,1
35975,0
35976,1
35977,1
35978,0
35979,0
35980,0
35981,0
35982,1
35983,1
35984,0
35985,0
35986,1
35987,1
35988,1
35989,0
35990,0
35991,1
35992,0
35993,1
35994,1
35995,1
35996,1
35997,1
35998,1
35999,0
36000,1
36001,0
36002,0
36003,1
36004,1
36005,1
36006,1
36007,0
36008,1
36009,0
36010,0
36011,1
36012,1
36013,1
36014,1
36015,0
36016,1
36017,1
36018,1
36019,0
36020,0
36021,1
36022,1
36023,1
36024,0
36025,1
36026,1
36027,0
36028,1
36029,0
36030,0
36031,1
36032,0
36033,1
36034,1
36035,1
36036,0
36037,1
36038,0
36039,1
36040,1
36041,1
36042,1
36043,0
36044,1
36045,1
36046,0
36047,0
36048,0
36049,0
36050,0
36051,1
36052,1
36053,0
36054,1
36055,1
36056,1
36057,1
36058,1
36059,1
36060,1
36061,1
36062,0
36063,0
36064,0
36065,1
36066,1
36067,1
36068,1
36069,0
36070,1
36071,0
36072,0
36073,1
36074,0
36075,1
36076,1
36077,1
36078,1
36079,1
36080,1
36081,0
36082,1
36083,0
36084,0
36085,0
36086,0
36087,0
36088,1
36089,1
36090,1
36091,0
36092,0
36093,1
36094,0
36095,1
36096,0
36097,1
36098,1
36099,0
36100,1
36101,1
36102,1
36103,0
36104,1
36105,0
36106,0
36107,0
36108,1
36109,0
36110,1
36111,1
36112,0
36113,0
36114,0
36115,1
36116,0
36117,1
36118,1
36119,1
36120,0
36121,1
36122,1
36123,1
36124,0
36125,1
36126,0
36127,1
36128,1
36129,0
36130,0
36131,1
36132,1
36133,1
36134,1
36135,0
36136,1
36137,1
36138,0
36139,1
36140,0
36141,1
36142,0
36143,0
36144,1
36145,1
36146,1
36147,1
36148,1
36149,0
36150,1
36151,0
36152,1
36153,0
36154,0
36155,0
36156,1
36157,1
36158,0
36159,1
36160,0
36161,0
36162,1
36163,1
36164,1
36165,0
36166,1
36167,0
36168,1
36169,0
36170,0
36171,0
36172,1
36173,1
36174,0
36175,0
36176,1
36177,1
36178,1
36179,0
36180,0
36181,1
36182,1
36183,1
36184,1
36185,1
36186,1
36187,1
36188,0
36189,1
36190,1
36191,0
36192,0
36193,0
36194,1
36195,0
36196,1
36197,0
36198,0
36199,1
36200,0
36201,1
36202,0
36203,0
36204,1
36205,1
36206,0
36207,0
36208,0
36209,0
36210,0
36211,1
36212,1
36213,0
36214,0
36215,0
36216,0
36217,0
36218,0
36219,0
36220,0
36221,1
36222,1
36223,0
36224,1
36225,0
36226,1
36227,0
36228,0
36229,1
36230,1
36231,0
36232,0
36233,1
36234,0
36235,0
36236,0
36237,0
36238,0
36239,0
36240,0
36241,1
36242,0
36243,0
36244,1
36245,0
36246,1
36247,0
36248,0
36249,1
36250,1
36251,1
36252,1
36253,1
36254,0
36255,0
36256,0
36257,1
36258,0
36259,1
36260,1
36261,1
36262,1
36263,0
36264,0
36265,0
36266,1
36267,0
36268,1
36269,0
36270,0
36271,1
36272,1
36273,0
36274,1
36275,0
36276,1
36277,1
36278,0
36279,0
36280,1
36281,0
36282,1
36283,0
36284,0
36285,0
36286,1
36287,0
36288,0
36289,0
36290,1
36291,1
36292,1
36293,0
36294,1
36295,1
36296,0
36297,1
36298,0
36299,0
36300,0
36301,0
36302,1
36303,0
36304,1
36305,1
36306,1
36307,1
36308,0
36309,1
36310,0
36311,1
36312,1
36313,0
36314,1
36315,0
36316,0
36317,0
36318,1
36319,1
36320,1
36321,1
36322,0
36323,1
36324,0
36325,1
36326,0
36327,1
36328,1
36329,1
36330,1
36331,1
36332,0
36333,1
36334,1
36335,0
36336,0
36337,1
36338,0
36339,0
36340,1
36341,0
36342,1
36343,0
36344,0
36345,1
36346,0
36347,1
36348,0
36349,1
36350,0
36351,1
36352,0
36353,1
36354,1
36355,1
36356,1
36357,0
36358,1
36359,1
36360,1
36361,1
36362,1
36363,1
36364,1
36365,0
36366,0
36367,0
36368,1
36369,1
36370,1
36371,1
36372,0
36373,0
36374,0
36375,0
36376,1
36377,0
36378,0
36379,1
36380,1
36381,1
36382,0
36383,1
36384,1
36385,0
36386,1
36387,0
36388,1
36389,0
36390,1
36391,0
36392,0
36393,0
36394,1
36395,0
36396,1
36397,1
36398,0
36399,1
36400,0
36401,1
36402,1
36403,1
36404,0
36405,0
36406,1
36407,0
36408,1
36409,1
36410,0
36411,0
36412,1
36413,1
36414,0
36415,0
36416,1
36417,1
36418,1
36419,1
36420,1
36421,1
36422,1
36423,0
36424,1
36425,1
36426,1
36427,0
36428,0
36429,0
36430,1
36431,0
36432,0
36433,1
36434,1
36435,1
36436,0
36437,0
36438,1
36439,0
36440,0
36441,0
36442,0
36443,1
36444,1
36445,0
36446,1
36447,1
36448,1
36449,0
36450,1
36451,1
36452,0
36453,1
36454,0
36455,0
36456,1
36457,1
36458,1
36459,0
36460,1
36461,1
36462,1
36463,1
36464,0
36465,1
36466,1
36467,0
36468,0
36469,0
36470,0
36471,1
36472,0
36473,0
36474,1
36475,0
36476,1
36477,0
36478,0
36479,1
36480,1
36481,0
36482,0
36483,0
36484,0
36485,1
36486,0
36487,1
36488,0
36489,0
36490,1
36491,0
36492,0
36493,1
36494,0
36495,0
36496,0
36497,1
36498,0
36499,1
36500,1
36501,1
36502,0
36503,1
36504,1
36505,1
36506,1
36507,1
36508,1
36509,0
36510,1
36511,1
36512,0
36513,0
36514,0
36515,0
36516,0
36517,1
36518,1
36519,0
36520,0
36521,1
36522,0
36523,1
36524,1
36525,0
36526,0
36527,1
36528,0
36529,1
36530,1
36531,0
36532,1
36533,1
36534,0
36535,1
36536,1
36537,0
36538,0
36539,0
36540,0
36541,0
36542,0
36543,1
36544,0
36545,1
36546,1
36547,1
36548,0
36549,1
36550,1
36551,1
36552,0
36553,0
36554,1
36555,1
36556,0
36557,1
36558,1
36559,1
36560,1
36561,0
36562,0
36563,0
36564,1
36565,1
36566,1
36567,1
36568,1
36569,1
36570,0
36571,0
36572,1
36573,0
36574,1
36575,0
36576,1
36577,1
36578,1
36579,1
36580,1
36581,0
36582,0
36583,1
36584,0
36585,1
36586,0
36587,1
36588,0
36589,1
36590,1
36591,1
36592,0
36593,0
36594,0
36595,0
36596,0
36597,1
36598,1
36599,1
36600,1
36601,0
36602,1
36603,1
36604,1
36605,1
36606,1
36607,1
36608,1
36609,1
36610,1
36611,0
36612,1
36613,0
36614,1
36615,1
36616,0
36617,0
36618,0
36619,1
36620,0
36621,0
36622,0
36623,1
36624,1
36625,1
36626,0
36627,0
36628,0
36629,0
36630,1
36631,1
36632,1
36633,0
36634,0
36635,1
36636,1
36637,1
36638,0
36639,1
36640,1
36641,1
36642,1
36643,1
36644,1
36645,0
36646,0
36647,0
36648,0
36649,0
36650,1
36651,1
36652,1
36653,1
36654,1
36655,0
36656,1
36657,1
36658,0
36659,0
36660,1
36661,0
36662,1
36663,1
36664,0
36665,1
36666,0
36667,1
36668,0
36669,1
36670,0
36671,0
36672,0
36673,1
36674,1
36675,0
36676,0
36677,0
36678,0
36679,0
36680,1
36681,1
36682,1
36683,1
36684,0
36685,0
36686,1
36687,0
36688,0
36689,1
36690,0
36691,1
36692,0
36693,0
36694,1
36695,1
36696,1
36697,1
36698,1
36699,1
36700,1
36701,1
36702,1
36703,0
36704,0
36705,0
36706,1
36707,0
36708,1
36709,0
36710,0
36711,1
36712,1
36713,0
36714,1
36715,0
36716,1
36717,1
36718,0
36719,1
36720,1
36721,1
36722,1
36723,1
36724,0
36725,1
36726,0
36727,1
36728,1
36729,1
36730,0
36731,1
36732,1
36733,1
36734,1
36735,1
36736,0
36737,1
36738,1
36739,1
36740,1
36741,1
36742,1
36743,1
36744,1
36745,0
36746,1
36747,0
36748,1
36749,0
36750,1
36751,1
36752,1
36753,1
36754,1
36755,1
36756,0
36757,1
36758,0
36759,0
36760,1
36761,0
36762,1
36763,0
36764,1
36765,1
36766,0
36767,0
36768,1
36769,0
36770,1
36771,1
36772,1
36773,1
36774,0
36775,1
36776,1
36777,0
36778,1
36779,1
36780,1
36781,1
36782,1
36783,1
36784,0
36785,0
36786,1
36787,0
36788,0
36789,1
36790,1
36791,1
36792,0
36793,0
36794,1
36795,0
36796,0
36797,0
36798,1
36799,1
36800,1
36801,0
36802,0
36803,0
36804,0
36805,0
36806,0
36807,0
36808,1
36809,1
36810,1
36811,0
36812,1
36813,0
36814,1
36815,1
36816,0
36817,0
36818,1
36819,1
36820,0
36821,1
36822,0
36823,1
36824,0
36825,0
36826,1
36827,0
36828,0
36829,0
36830,1
36831,0
36832,0
36833,1
36834,1
36835,0
36836,0
36837,0
36838,1
36839,1
36840,1
36841,0
36842,1
36843,1
36844,0
36845,0
36846,0
36847,1
36848,1
36849,0
36850,1
36851,1
36852,1
36853,0
36854,0
36855,0
36856,0
36857,0
36858,1
36859,1
36860,0
36861,0
36862,1
36863,1
36864,1
36865,0
36866,0
36867,0
36868,1
36869,0
36870,1
36871,0
36872,1
36873,0
36874,0
36875,1
36876,1
36877,1
36878,1
36879,0
36880,1
36881,1
36882,1
36883,1
36884,1
36885,0
36886,0
36887,0
36888,1
36889,1
36890,1
36891,1
36892,0
36893,1
36894,0
36895,1
36896,1
36897,1
36898,1
36899,1
36900,1
36901,1
36902,0
36903,0
36904,1
36905,1
36906,1
36907,1
36908,1
36909,1
36910,1
36911,1
36912,1
36913,0
36914,0
36915,0
36916,1
36917,1
36918,0
36919,1
36920,0
36921,0
36922,0
36923,0
36924,0
36925,0
36926,1
36927,0
36928,0
36929,0
36930,1
36931,0
36932,0
36933,0
36934,0
36935,0
36936,0
36937,1
36938,0
36939,1
36940,1
36941,0
36942,0
36943,0
36944,0
36945,0
36946,0
36947,1
36948,1
36949,1
36950,0
36951,1
36952,1
36953,0
36954,0
36955,1
36956,1
36957,0
36958,0
36959,0
36960,0
36961,1
36962,1
36963,1
36964,1
36965,0
36966,0
36967,1
36968,0
36969,1
36970,1
36971,1
36972,0
36973,1
36974,1
36975,1
36976,0
36977,0
36978,0
36979,0
36980,0
36981,1
36982,0
36983,0
36984,1
36985,0
36986,1
36987,1
36988,1
36989,1
36990,1
36991,0
36992,0
36993,1
36994,0
36995,1
36996,0
36997,0
36998,1
36999,1
37000,1
37001,0
37002,1
37003,0
37004,1
37005,1
37006,0
37007,1
37008,0
37009,1
37010,0
37011,1
37012,0
37013,0
37014,0
37015,0
37016,0
37017,0
37018,1
37019,1
37020,1
37021,1
37022,1
37023,1
37024,1
37025,0
37026,0
37027,0
37028,1
37029,0
37030,0
37031,1
37032,0
37033,0
37034,1
37035,1
37036,0
37037,1
37038,1
37039,0
37040,1
37041,0
37042,1
37043,1
37044,1
37045,1
37046,0
37047,0
37048,0
37049,0
37050,0
37051,1
37052,1
37053,1
37054,0
37055,1
37056,1
37057,0
37058,0
37059,1
37060,1
37061,1
37062,0
37063,1
37064,0
37065,1
37066,1
37067,0
37068,1
37069,0
37070,1
37071,1
37072,0
37073,0
37074,0
37075,1
37076,0
37077,1
37078,1
37079,0
37080,0
37081,0
37082,0
37083,0
37084,1
37085,0
37086,0
37087,1
37088,1
37089,1
37090,1
37091,0
37092,1
37093,0
37094,0
37095,0
37096,1
37097,1
37098,1
37099,1
37100,1
37101,1
37102,1
37103,1
37104,0
37105,0
37106,0
37107,1
37108,0
37109,1
37110,0
37111,0
37112,1
37113,0
37114,0
37115,1
37116,1
37117,1
37118,0
37119,1
37120,1
37121,1
37122,1
37123,0
37124,1
37125,1
37126,1
37127,1
37128,1
37129,1
37130,1
37131,0
37132,1
37133,0
37134,0
37135,1
37136,1
37137,1
37138,1
37139,0
37140,0
37141,1
37142,1
37143,1
37144,1
37145,0
37146,0
37147,0
37148,0
37149,0
37150,1
37151,0
37152,0
37153,1
37154,1
37155,1
37156,0
37157,0
37158,0
37159,1
37160,0
37161,1
37162,0
37163,0
37164,1
37165,1
37166,0
37167,1
37168,1
37169,0
37170,0
37171,1
37172,1
37173,1
37174,0
37175,1
37176,0
37177,0
37178,1
37179,0
37180,0
37181,0
37182,0
37183,0
37184,0
37185,0
37186,1
37187,1
37188,0
37189,0
37190,1
37191,0
37192,0
37193,1
37194,1
37195,0
37196,0
37197,0
37198,1
37199,0
37200,1
37201,0
37202,1
37203,1
37204,0
37205,1
37206,1
37207,0
37208,0
37209,1
37210,0
37211,1
37212,1
37213,0
37214,1
37215,1
37216,1
37217,0
37218,1
37219,0
37220,1
37221,0
37222,1
37223,1
37224,0
37225,1
37226,0
37227,1
37228,1
37229,0
37230,1
37231,1
37232,1
37233,0
37234,1
37235,1
37236,0
37237,1
37238,1
37239,1
37240,1
37241,0
37242,0
37243,1
37244,0
37245,0
37246,0
37247,1
37248,0
37249,1
37250,1
37251,1
37252,1
37253,0
37254,1
37255,1
37256,1
37257,1
37258,1
37259,0
37260,1
37261,1
37262,1
37263,0
37264,0
37265,1
37266,1
37267,0
37268,1
37269,0
37270,1
37271,1
37272,1
37273,1
37274,1
37275,1
37276,0
37277,0
37278,1
37279,1
37280,1
37281,0
37282,1
37283,1
37284,1
37285,1
37286,1
37287,0
37288,0
37289,0
37290,1
37291,1
37292,0
37293,0
37294,0
37295,0
37296,0
37297,1
37298,1
37299,0
37300,0
37301,1
37302,1
37303,0
37304,1
37305,1
37306,1
37307,0
37308,1
37309,1
37310,1
37311,1
37312,1
37313,1
37314,0
37315,0
37316,0
37317,1
37318,0
37319,1
37320,0
37321,0
37322,0
37323,0
37324,0
37325,1
37326,0
37327,0
37328,0
37329,0
37330,0
37331,1
37332,0
37333,1
37334,0
37335,1
37336,1
37337,1
37338,1
37339,0
37340,0
37341,0
37342,1
37343,1
37344,0
37345,1
37346,1
37347,0
37348,1
37349,1
37350,0
37351,1
37352,0
37353,1
37354,1
37355,1
37356,1
37357,1
37358,0
37359,1
37360,1
37361,0
37362,1
37363,1
37364,1
37365,1
37366,0
37367,1
37368,1
37369,1
37370,1
37371,0
37372,1
37373,1
37374,1
37375,1
37376,1
37377,1
37378,1
37379,1
37380,1
37381,1
37382,0
37383,1
37384,1
37385,1
37386,1
37387,0
37388,0
37389,0
37390,1
37391,1
37392,0
37393,1
37394,1
37395,0
37396,0
37397,0
37398,1
37399,1
37400,1
37401,1
37402,0
37403,0
37404,0
37405,0
37406,1
37407,1
37408,0
37409,1
37410,1
37411,0
37412,1
37413,0
37414,1
37415,1
37416,1
37417,1
37418,1
37419,0
37420,1
37421,1
37422,1
37423,1
37424,1
37425,0
37426,1
37427,0
37428,1
37429,1
37430,1
37431,0
37432,1
37433,0
37434,0
37435,0
37436,0
37437,1
37438,1
37439,0
37440,0
37441,0
37442,1
37443,1
37444,1
37445,0
37446,1
37447,1
37448,0
37449,1
37450,1
37451,1
37452,0
37453,0
37454,1
37455,0
37456,1
37457,0
37458,0
37459,1
37460,1
37461,0
37462,1
37463,0
37464,0
37465,0
37466,1
37467,0
37468,1
37469,0
37470,1
37471,1
37472,0
37473,0
37474,0
37475,1
37476,0
37477,0
37478,0
37479,0
37480,0
37481,0
37482,1
37483,0
37484,0
37485,0
37486,1
37487,1
37488,1
37489,1
37490,0
37491,0
37492,0
37493,0
37494,0
37495,0
37496,0
37497,0
37498,1
37499,1
37500,1
37501,0
37502,0
37503,1
37504,0
37505,1
37506,1
37507,1
37508,0
37509,1
37510,1
37511,0
37512,1
37513,0
37514,0
37515,1
37516,0
37517,1
37518,1
37519,1
37520,1
37521,0
37522,1
37523,0
37524,0
37525,1
37526,0
37527,0
37528,1
37529,1
37530,1
37531,1
37532,1
37533,1
37534,1
37535,1
37536,0
37537,0
37538,0
37539,1
37540,0
37541,1
37542,1
37543,1
37544,1
37545,0
37546,1
37547,0
37548,0
37549,1
37550,0
37551,0
37552,0
37553,1
37554,0
37555,1
37556,1
37557,1
37558,0
37559,0
37560,1
37561,0
37562,1
37563,0
37564,0
37565,0
37566,0
37567,0
37568,1
37569,0
37570,1
37571,1
37572,0
37573,1
37574,0
37575,1
37576,0
37577,1
37578,0
37579,1
37580,1
37581,0
37582,0
37583,1
37584,1
37585,1
37586,0
37587,1
37588,1
37589,1
37590,0
37591,0
37592,1
37593,1
37594,0
37595,0
37596,1
37597,1
37598,1
37599,0
37600,1
37601,0
37602,1
37603,0
37604,1
37605,1
37606,1
37607,0
37608,1
37609,1
37610,0
37611,1
37612,1
37613,1
37614,0
37615,0
37616,0
37617,1
37618,0
37619,0
37620,0
37621,1
37622,0
37623,0
37624,1
37625,1
37626,1
37627,1
37628,0
37629,1
37630,1
37631,0
37632,1
37633,1
37634,1
37635,0
37636,1
37637,1
37638,1
37639,1
37640,0
37641,1
37642,0
37643,0
37644,1
37645,0
37646,0
37647,1
37648,1
37649,1
37650,1
37651,1
37652,0
37653,0
37654,1
37655,1
37656,1
37657,0
37658,0
37659,1
37660,1
37661,0
37662,1
37663,0
37664,0
37665,0
37666,0
37667,0
37668,0
37669,1
37670,0
37671,0
37672,1
37673,1
37674,0
37675,0
37676,0
37677,1
37678,1
37679,1
37680,1
37681,1
37682,0
37683,1
37684,1
37685,0
37686,1
37687,0
37688,0
37689,0
37690,0
37691,1
37692,1
37693,0
37694,0
37695,1
37696,1
37697,1
37698,1
37699,0
37700,1
37701,1
37702,1
37703,1
37704,1
37705,1
37706,1
37707,0
37708,0
37709,1
37710,1
37711,0
37712,1
37713,1
37714,1
37715,0
37716,0
37717,1
37718,0
37719,1
37720,0
37721,0
37722,1
37723,0
37724,0
37725,0
37726,0
37727,1
37728,0
37729,1
37730,1
37731,1
37732,0
37733,1
37734,1
37735,0
37736,1
37737,0
37738,0
37739,1
37740,0
37741,0
37742,0
37743,0
37744,1
37745,0
37746,1
37747,1
37748,1
37749,0
37750,0
37751,0
37752,0
37753,0
37754,0
37755,1
37756,1
37757,0
37758,0
37759,0
37760,0
37761,1
37762,0
37763,1
37764,1
37765,1
37766,0
37767,0
37768,1
37769,0
37770,0
37771,0
37772,0
37773,1
37774,1
37775,0
37776,1
37777,0
37778,0
37779,1
37780,0
37781,0
37782,1
37783,1
37784,0
37785,1
37786,1
37787,1
37788,1
37789,0
37790,0
37791,1
37792,1
37793,1
37794,1
37795,0
37796,0
37797,0
37798,0
37799,1
37800,1
37801,1
37802,1
37803,1
37804,1
37805,1
37806,0
37807,1
37808,1
37809,1
37810,1
37811,1
37812,1
37813,1
37814,0
37815,1
37816,1
37817,0
37818,1
37819,1
37820,1
37821,1
37822,1
37823,0
37824,0
37825,1
37826,0
37827,0
37828,0
37829,0
37830,0
37831,0
37832,0
37833,1
37834,1
37835,0
37836,0
37837,1
37838,1
37839,1
37840,0
37841,1
37842,0
37843,1
37844,1
37845,0
37846,1
37847,1
37848,0
37849,0
37850,0
37851,1
37852,1
37853,1
37854,0
37855,1
37856,0
37857,0
37858,1
37859,1
37860,1
37861,1
37862,1
37863,1
37864,0
37865,1
37866,0
37867,1
37868,1
37869,0
37870,0
37871,0
37872,1
37873,0
37874,1
37875,1
37876,1
37877,1
37878,0
37879,1
37880,1
37881,1
37882,1
37883,1
37884,1
37885,1
37886,1
37887,0
37888,0
37889,1
37890,1
37891,1
37892,0
37893,0
37894,0
37895,1
37896,1
37897,0
37898,1
37899,0
37900,1
37901,0
37902,0
37903,0
37904,1
37905,0
37906,1
37907,1
37908,0
37909,1
37910,0
37911,0
37912,1
37913,1
37914,0
37915,1
37916,1
37917,0
37918,1
37919,1
37920,0
37921,0
37922,1
37923,1
37924,1
37925,1
37926,1
37927,0
37928,1
37929,1
37930,1
37931,1
37932,1
37933,0
37934,0
37935,1
37936,0
37937,1
37938,0
37939,1
37940,1
37941,1
37942,0
37943,0
37944,1
37945,1
37946,0
37947,0
37948,1
37949,1
37950,1
37951,0
37952,1
37953,0
37954,0
37955,1
37956,0
37957,0
37958,0
37959,1
37960,1
37961,0
37962,1
37963,0
37964,0
37965,1
37966,1
37967,0
37968,0
37969,0
37970,0
37971,0
37972,1
37973,0
37974,1
37975,1
37976,0
37977,0
37978,0
37979,1
37980,0
37981,1
37982,1
37983,1
37984,1
37985,1
37986,1
37987,0
37988,1
37989,0
37990,1
37991,0
37992,1
37993,1
37994,1
37995,0
37996,0
37997,1
37998,0
37999,1
38000,0
38001,0
38002,1
38003,1
38004,1
38005,0
38006,1
38007,0
38008,1
38009,0
38010,1
38011,1
38012,0
38013,0
38014,0
38015,1
38016,1
38017,0
38018,0
38019,1
38020,1
38021,1
38022,1
38023,0
38024,1
38025,1
38026,1
38027,1
38028,1
38029,0
38030,0
38031,1
38032,0
38033,1
38034,0
38035,0
38036,0
38037,0
38038,1
38039,0
38040,0
38041,0
38042,1
38043,1
38044,1
38045,0
38046,1
38047,1
38048,0
38049,0
38050,1
38051,1
38052,0
38053,1
38054,1
38055,0
38056,0
38057,1
38058,1
38059,1
38060,1
38061,1
38062,0
38063,0
38064,1
38065,1
38066,0
38067,1
38068,1
38069,0
38070,0
38071,1
38072,0
38073,1
38074,1
38075,0
38076,1
38077,1
38078,1
38079,1
38080,1
38081,0
38082,1
38083,0
38084,0
38085,1
38086,1
38087,1
38088,1
38089,0
38090,0
38091,0
38092,0
38093,1
38094,1
38095,1
38096,1
38097,0
38098,0
38099,1
38100,1
38101,0
38102,1
38103,0
38104,1
38105,0
38106,1
38107,1
38108,1
38109,0
38110,1
38111,0
38112,0
38113,0
38114,1
38115,0
38116,1
38117,0
38118,1
38119,1
38120,1
38121,1
38122,1
38123,1
38124,1
38125,0
38126,0
38127,1
38128,1
38129,1
38130,1
38131,1
38132,1
38133,1
38134,1
38135,1
38136,1
38137,0
38138,0
38139,1
38140,1
38141,0
38142,1
38143,1
38144,0
38145,1
38146,1
38147,1
38148,1
38149,0
38150,1
38151,1
38152,0
38153,0
38154,0
38155,1
38156,1
38157,0
38158,1
38159,0
38160,1
38161,0
38162,1
38163,1
38164,1
38165,0
38166,1
38167,0
38168,1
38169,1
38170,0
38171,1
38172,0
38173,0
38174,0
38175,1
38176,1
38177,1
38178,1
38179,1
38180,1
38181,1
38182,1
38183,0
38184,1
38185,0
